Workbook

Sheet Sheet1
A1: PORT CODE | B1: DATE | C1: IEC | D1: HS CODE | E1: GOODS DESCRIPTION | F1: Master category | G1: Model Name | H1: Model Number | I1: Capacity | J1: Qty | K1: Unit of measure | L1: Price | M1: Unit of measure | N1: QUANTITY | O1: UNIT | P1: UNIT PRICE_INR | Q1: TOTAL VALUE_INR | R1: UNIT PRICE_USD | S1: TOTAL VALUE_USD | T1: DUTY PAID_INR
A2: INNSA1 | B2: 2025-10-28 | C2: 0301049751 | D2: 73239990 | E2: TH5170 STEEL CUTLERY HOLDER (QTY:600 PCS/USD 2.03 PER PCS) TH5170 STEEL CUTLERY HOLDER (QTY:600 PCS/USD 2.03 PER PCS) | N2: 290 | O2: KGS | P2: 401.72531 | Q2: 116500.34 | R2: 4.5290339 | S2: 1313.4198 | T2: 32736.6
A3: INNSA1 | B3: 2025-10-28 | C3: 0301049751 | D3: 73231000 | E3: 8001-2 STEEL SCRUBBER 2PCS SET (QTY: 336000 SETS/USD 0.139 PER SETS)8001-2 STEEL SCRUBBER 2PCS SET (QTY: 336000 SETS/USD 0.139 P | N3: 9800 | O3: KGS | P3: 440.60222 | Q3: 4317901.7 | R3: 4.9673305 | S3: 48679.839 | T3: 1898149.5
A4: INNSA1 | B4: 2025-10-23 | C4: 0301049751 | D4: 73239990 | E4: MILD STEEL MULTI FUNCTION CLOTH STAND (RYX-02-020) (QTY: 1,232 PCS/CNY:101 PER PCS)MILD STEEL MULTI FUNCTION CLOTH STAND (RYX-02-020) (QTY: 1,2 | N4: 4004 | O4: KGS | P4: 408.89366 | Q4: 1637210.2 | R4: 4.6098496 | S4: 18457.838 | T4: 460056
A5: INNSA1 | B5: 2025-10-13 | C5: 0301049751 | D5: 73239990 | E5: SB-12 STEEL TEA STRAINER BIG (QTY 6336 PCS/USD 0.973 PER PCS)SB-12 STEEL TEA STRAINER BIG (QTY 6336 PCS/USD 0.973 PER PCS | N5: 1548.8 | O5: KGS | P5: 378.45784 | Q5: 586155.51 | R5: 4.219151 | S5: 6534.6211 | T5: 164709.7
A6: INNSA1 | B6: 2025-10-13 | C6: 0301049751 | D6: 73239990 | E6: SB-12 STEEL TEA STRAINER BIG (QTY 43038 PCS/USD 0.9718 PER PCS)SB-12 STEEL TEA STRAINER BIG (QTY 43038 PCS/USD 0.9718 PER P | N6: 10042.2 | O6: KGS | P6: 399.73967 | Q6: 4014265.8 | R6: 4.4564066 | S6: 44752.127 | T6: 1128008.7
A7: INNSA1 | B7: 2025-10-08 | C7: 0301049751 | D7: 73239990 | E7: STEEL HANGER WITH HOOK (SL-89) (QTY:70056 PCS/CNY:7.45 PER PCS)STEEL HANGER WITH HOOK (SL-89) (QTY:70056 PCS/:7.45 | N7: 15568 | O7: KGS | P7: 432.15818 | Q7: 6727838.5 | R7: 4.8178169 | S7: 75003.774 | T7: 1890522.7
A8: INNSA1 | B8: 2025-10-06 | C8: 0301049751 | D8: 73239990 | E8: STEEL HANGER 10PCS SET (AM-969) (QTY: 480 SET/USD 0.819 PERSET)STEEL HANGER 10PCS SET (AM-969) (QTY: 480 SET/USD 0.819 PER | N8: 380 | O8: KGS | P8: 100.44208 | Q8: 38167.99 | R8: 1.1197556 | S8: 425.50713 | T8: 10725.3
A9: INNSA1 | B9: 2025-10-01 | C9: 0301049751 | D9: 73239990 | E9: AM-967 STEEL FRUIT BASKET (QTY 400 PCS/USD 1.031 PER PCS) AM-967 STEEL FRUIT BASKET (QTY 400 PCS/USD 1.031 PER PCS) | N9: 460 | O9: KGS | P9: 85.377826 | Q9: 39273.8 | R9: 0.96092095 | S9: 442.02364 | T9: 11036
A10: INNSA1 | B10: 2025-10-01 | C10: 0301049751 | D10: 73239990 | E10: AM-966 STEEL FRUIT BASKET (QTY 400 PCS/USD 1.017 PER PCS) AM-966 STEEL FRUIT BASKET (QTY 400 PCS/USD 1.017 PER PCS) | N10: 310 | O10: KGS | P10: 124.96932 | Q10: 38740.49 | R10: 1.4065202 | S10: 436.02127 | T10: 10886.1
A11: INNSA1 | B11: 2025-10-01 | C11: 0301049751 | D11: 73239990 | E11: AM-965 STEEL SPOON & FORK HOLDER (QTY 480 PCS/USD 0.734 PERPCS)AM-965 STEEL SPOON & FORK HOLDER (QTY 480 PCS/USD 0.734 PER | N11: 168 | O11: KGS | P11: 199.71571 | Q11: 33552.24 | R11: 2.2477852 | S11: 377.62791 | T11: 9428.1
A12: INNSA1 | B12: 2025-10-01 | C12: 0301049751 | D12: 73231000 | E12: 8001-2 STEEL SCRUBBER 2 PCS SET (QTY 336000 SETS/USD 0.139 PER SETS)8001-2 STEEL SCRUBBER 2 PCS SET (QTY 336000 SETS/USD 0.139 P | N12: 9800 | O12: KGS | P12: 456.12539 | Q12: 4470028.8 | R12: 5.1336566 | S12: 50309.835 | T12: 1965024.7
A13: INNSA1 | B13: 2025-09-27 | C13: 0301049751 | D13: 73231000 | E13: OKS-4156 STEEL SCRUBBER 6PCS SET (QTY: 93360 PCS /USD 0.228PER PCS)OKS-4156 STEEL SCRUBBER 6PCS SET (QTY: 93360 PCS /USD 0.228 | N13: 7496.03 | O13: KGS | P13: 263.57138 | Q13: 1975739 | R13: 2.9664758 | S13: 22236.792 | T13: 868534.9
... A2080: INNSA1 | B2080: 2017-01-13 | C2080: 0301049751 | D2080: 73239990 | E2080: STAINLESS STEEL SPORTS BOTTLE 750ML S-308-C6-NP-20(TOTAL NET WT.284.83 KGS) | N2080: 1656 | O2080: PCS | P2080: 79.149233 | Q2080: 131071.13 | R2080: 1.1504249 | S2080: 1905.1036 | T2080: 22410.6

Sheet Raw Data
A1: PORT CODE | B1: DATE | C1: IEC | D1: HS CODE | E1: GOODS DESCRIPTION | F1: Master category | G1: Model Name | H1: Model Number | I1: Capacity | J1: Qty | K1: Unit of measure | L1: Price | M1: Unit of measure2 | N1: QUANTITY | O1: UNIT | P1: UNIT PRICE_INR | Q1: TOTAL VALUE_INR | R1: UNIT PRICE_USD | S1: TOTAL VALUE_USD | T1: DUTY PAID_INR
A2: INNSA1 | B2: 2025-10-28 | C2: 0301049751 | D2: 73239990 | E2: TH5170 STEEL CUTLERY HOLDER (QTY:600 PCS/USD 2.03 PER PCS) TH5170 STEEL CUTLERY HOLDER (QTY:600 PCS/USD 2.03 PER PCS) | F2: =IFERROR(TRIM(LEFT(E2, FIND(" ", E2)-1)), "") -> TH5170 | G2: =IFERROR(TRIM(MID(E2, FIND(" ", E2)+1, FIND("(",E2)-FIND(" ",E2)-1)), "") -> STEEL CUTLERY HOLDER | H2: =IFERROR(MID(E2, FIND("(",E2)+1, FIND(")",E2)-FIND("(",E2)-1), "") -> QTY:600 PCS/USD 2.03 PER PCS | I2: =IFERROR(MID(E2, FIND("(",E2, FIND("P",E2)) + 1, FIND(" ",E2, FIND("(",E2)) - FIND("(",E2) - 1), "") -> QTY:600 | J2: =IFERROR(--SUBSTITUTE(MID(E2, FIND("QTY", E2)+4, FIND(" ",E2, FIND("QTY",E2)+5)-FIND("QTY",E2)-4), ",",""),"") -> 600 | K2: =IFERROR( TRIM(_xlfn.TEXTAFTER(_xlfn.TEXTBEFORE(_xlfn.TEXTAFTER(tblRaw[[#This Row],[GOODS DESCRIPTION]],"QTY"),"/")," ")), tblRaw[[#This Row],[Unit of measure]] ) -> PCS | L2: =IFERROR(--MID(E2, FIND("USD",E2)+4, FIND(" ",E2,FIND("USD",E2)+5)-FIND("USD",E2)-4), IFERROR(--MID(E2,FIND("CNY",E2)+4,FIND(" ",E2,FIND("CNY",E2)+5)-FIND("CNY",E2)-4),"")) -> 2.03 | M2: =IFERROR(IF(ISNUMBER(SEARCH("USD",E2)),"USD",IF(ISNUMBER(SEARCH("CNY",E2)),"CNY","")), "") -> USD | N2: 290 | O2: KGS | P2: 401.72531 | Q2: 116500.34 | R2: 4.5290339 | S2: 1313.4198 | T2: 32736.6 | AP2: GOODS DESCRIPTION
A3: INNSA1 | B3: 2025-10-28 | C3: 0301049751 | D3: 73231000 | E3: 8001-2 STEEL SCRUBBER 2PCS SET (QTY: 336000 SETS/USD 0.139 PER SETS)8001-2 STEEL SCRUBBER 2PCS SET (QTY: 336000 SETS/USD 0.139 P | F3: =IFERROR(TRIM(LEFT(E3, FIND(" ", E3)-1)), "") -> 8001-2 | G3: =IFERROR(TRIM(MID(E3, FIND(" ", E3)+1, FIND("(",E3)-FIND(" ",E3)-1)), "") -> STEEL SCRUBBER 2PCS SET | H3: =IFERROR(MID(E3, FIND("(",E3)+1, FIND(")",E3)-FIND("(",E3)-1), "") -> QTY: 336000 SETS/USD 0.139 PER SETS | I3: =IFERROR(MID(E3, FIND("(",E3, FIND("P",E3)) + 1, FIND(" ",E3, FIND("(",E3)) - FIND("(",E3) - 1), "") -> QTY: | J3: =IFERROR(--SUBSTITUTE(MID(E3, FIND("QTY", E3)+4, FIND(" ",E3, FIND("QTY",E3)+5)-FIND("QTY",E3)-4), ",",""),"") -> 336000 | K3: =IFERROR( TRIM(_xlfn.TEXTAFTER(_xlfn.TEXTBEFORE(_xlfn.TEXTAFTER(tblRaw[[#This Row],[GOODS DESCRIPTION]],"QTY"),"/")," ")), tblRaw[[#This Row],[Unit of measure]] ) -> 336000 SETS | L3: =IFERROR(--MID(E3, FIND("USD",E3)+4, FIND(" ",E3,FIND("USD",E3)+5)-FIND("USD",E3)-4), IFERROR(--MID(E3,FIND("CNY",E3)+4,FIND(" ",E3,FIND("CNY",E3)+5)-FIND("CNY",E3)-4),"")) -> 0.139 | M3: =IFERROR(IF(ISNUMBER(SEARCH("USD",E3)),"USD",IF(ISNUMBER(SEARCH("CNY",E3)),"CNY","")), "") -> USD | N3: 9800 | O3: KGS | P3: 440.60222 | Q3: 4317901.7 | R3: 4.9673305 | S3: 48679.839 | T3: 1898149.5
A4: INNSA1 | B4: 2025-10-23 | C4: 0301049751 | D4: 73239990 | E4: MILD STEEL MULTI FUNCTION CLOTH STAND (RYX-02-020) (QTY: 1,232 PCS/CNY:101 PER PCS)MILD STEEL MULTI FUNCTION CLOTH STAND (RYX-02-020) (QTY: 1,2 | F4: =IFERROR(TRIM(LEFT(E4, FIND(" ", E4)-1)), "") -> MILD | G4: =IFERROR(TRIM(MID(E4, FIND(" ", E4)+1, FIND("(",E4)-FIND(" ",E4)-1)), "") -> STEEL MULTI FUNCTION CLOTH STAND | H4: =IFERROR(MID(E4, FIND("(",E4)+1, FIND(")",E4)-FIND("(",E4)-1), "") -> RYX-02-020 | I4: =IFERROR(MID(E4, FIND("(",E4, FIND("P",E4)) + 1, FIND(" ",E4, FIND("(",E4)) - FIND("(",E4) - 1), "") -> RYX-02-020) | J4: =IFERROR(--SUBSTITUTE(MID(E4, FIND("QTY", E4)+4, FIND(" ",E4, FIND("QTY",E4)+5)-FIND("QTY",E4)-4), ",",""),"") -> 1232 | K4: =IFERROR( TRIM(_xlfn.TEXTAFTER(_xlfn.TEXTBEFORE(_xlfn.TEXTAFTER(tblRaw[[#This Row],[GOODS DESCRIPTION]],"QTY"),"/")," ")), tblRaw[[#This Row],[Unit of measure]] ) -> 1,232 PCS | L4: =IFERROR(--MID(E4, FIND("USD",E4)+4, FIND(" ",E4,FIND("USD",E4)+5)-FIND("USD",E4)-4), IFERROR(--MID(E4,FIND("CNY",E4)+4,FIND(" ",E4,FIND("CNY",E4)+5)-FIND("CNY",E4)-4),"")) -> 101 | M4: =IFERROR(IF(ISNUMBER(SEARCH("USD",E4)),"USD",IF(ISNUMBER(SEARCH("CNY",E4)),"CNY","")), "") -> CNY | N4: 4004 | O4: KGS | P4: 408.89366 | Q4: 1637210.2 | R4: 4.6098496 | S4: 18457.838 | T4: 460056
A5: INNSA1 | B5: 2025-10-13 | C5: 0301049751 | D5: 73239990 | E5: SB-12 STEEL TEA STRAINER BIG (QTY 6336 PCS/USD 0.973 PER PCS)SB-12 STEEL TEA STRAINER BIG (QTY 6336 PCS/USD 0.973 PER PCS | F5: =IFERROR(TRIM(LEFT(E5, FIND(" ", E5)-1)), "") -> SB-12 | G5: =IFERROR(TRIM(MID(E5, FIND(" ", E5)+1, FIND("(",E5)-FIND(" ",E5)-1)), "") -> STEEL TEA STRAINER BIG | H5: =IFERROR(MID(E5, FIND("(",E5)+1, FIND(")",E5)-FIND("(",E5)-1), "") -> QTY 6336 PCS/USD 0.973 PER PCS | I5: =IFERROR(MID(E5, FIND("(",E5, FIND("P",E5)) + 1, FIND(" ",E5, FIND("(",E5)) - FIND("(",E5) - 1), "") -> QTY | J5: =IFERROR(--SUBSTITUTE(MID(E5, FIND("QTY", E5)+4, FIND(" ",E5, FIND("QTY",E5)+5)-FIND("QTY",E5)-4), ",",""),"") -> 6336 | K5: =IFERROR( TRIM(_xlfn.TEXTAFTER(_xlfn.TEXTBEFORE(_xlfn.TEXTAFTER(tblRaw[[#This Row],[GOODS DESCRIPTION]],"QTY"),"/")," ")), tblRaw[[#This Row],[Unit of measure]] ) -> 6336 PCS | L5: =IFERROR(--MID(E5, FIND("USD",E5)+4, FIND(" ",E5,FIND("USD",E5)+5)-FIND("USD",E5)-4), IFERROR(--MID(E5,FIND("CNY",E5)+4,FIND(" ",E5,FIND("CNY",E5)+5)-FIND("CNY",E5)-4),"")) -> 0.973 | M5: =IFERROR(IF(ISNUMBER(SEARCH("USD",E5)),"USD",IF(ISNUMBER(SEARCH("CNY",E5)),"CNY","")), "") -> USD | N5: 1548.8 | O5: KGS | P5: 378.45784 | Q5: 586155.51 | R5: 4.219151 | S5: 6534.6211 | T5: 164709.7
A6: INNSA1 | B6: 2025-10-13 | C6: 0301049751 | D6: 73239990 | E6: SB-12 STEEL TEA STRAINER BIG (QTY 43038 PCS/USD 0.9718 PER PCS)SB-12 STEEL TEA STRAINER BIG (QTY 43038 PCS/USD 0.9718 PER P | F6: =IFERROR(TRIM(LEFT(E6, FIND(" ", E6)-1)), "") -> SB-12 | G6: =IFERROR(TRIM(MID(E6, FIND(" ", E6)+1, FIND("(",E6)-FIND(" ",E6)-1)), "") -> STEEL TEA STRAINER BIG | H6: =IFERROR(MID(E6, FIND("(",E6)+1, FIND(")",E6)-FIND("(",E6)-1), "") -> QTY 43038 PCS/USD 0.9718 PER PCS | I6: =IFERROR(MID(E6, FIND("(",E6, FIND("P",E6)) + 1, FIND(" ",E6, FIND("(",E6)) - FIND("(",E6) - 1), "") -> QTY | J6: =IFERROR(--SUBSTITUTE(MID(E6, FIND("QTY", E6)+4, FIND(" ",E6, FIND("QTY",E6)+5)-FIND("QTY",E6)-4), ",",""),"") -> 43038 | K6: =IFERROR( TRIM(_xlfn.TEXTAFTER(_xlfn.TEXTBEFORE(_xlfn.TEXTAFTER(tblRaw[[#This Row],[GOODS DESCRIPTION]],"QTY"),"/")," ")), tblRaw[[#This Row],[Unit of measure]] ) -> 43038 PCS | L6: =IFERROR(--MID(E6, FIND("USD",E6)+4, FIND(" ",E6,FIND("USD",E6)+5)-FIND("USD",E6)-4), IFERROR(--MID(E6,FIND("CNY",E6)+4,FIND(" ",E6,FIND("CNY",E6)+5)-FIND("CNY",E6)-4),"")) -> 0.9718 | M6: =IFERROR(IF(ISNUMBER(SEARCH("USD",E6)),"USD",IF(ISNUMBER(SEARCH("CNY",E6)),"CNY","")), "") -> USD | N6: 10042.2 | O6: KGS | P6: 399.73967 | Q6: 4014265.8 | R6: 4.4564066 | S6: 44752.127 | T6: 1128008.7
A7: INNSA1 | B7: 2025-10-08 | C7: 0301049751 | D7: 73239990 | E7: STEEL HANGER WITH HOOK (SL-89) (QTY:70056 PCS/CNY:7.45 PER PCS)STEEL HANGER WITH HOOK (SL-89) (QTY:70056 PCS/:7.45 | F7: =IFERROR(TRIM(LEFT(E7, FIND(" ", E7)-1)), "") -> STEEL | G7: =IFERROR(TRIM(MID(E7, FIND(" ", E7)+1, FIND("(",E7)-FIND(" ",E7)-1)), "") -> HANGER WITH HOOK | H7: =IFERROR(MID(E7, FIND("(",E7)+1, FIND(")",E7)-FIND("(",E7)-1), "") -> SL-89 | I7: =IFERROR(MID(E7, FIND("(",E7, FIND("P",E7)) + 1, FIND(" ",E7, FIND("(",E7)) - FIND("(",E7) - 1), "") -> SL-89) | J7: =IFERROR(--SUBSTITUTE(MID(E7, FIND("QTY", E7)+4, FIND(" ",E7, FIND("QTY",E7)+5)-FIND("QTY",E7)-4), ",",""),"") -> 70056 | K7: =IFERROR( TRIM(_xlfn.TEXTAFTER(_xlfn.TEXTBEFORE(_xlfn.TEXTAFTER(tblRaw[[#This Row],[GOODS DESCRIPTION]],"QTY"),"/")," ")), tblRaw[[#This Row],[Unit of measure]] ) -> PCS | L7: =IFERROR(--MID(E7, FIND("USD",E7)+4, FIND(" ",E7,FIND("USD",E7)+5)-FIND("USD",E7)-4), IFERROR(--MID(E7,FIND("CNY",E7)+4,FIND(" ",E7,FIND("CNY",E7)+5)-FIND("CNY",E7)-4),"")) -> 7.45 | M7: =IFERROR(IF(ISNUMBER(SEARCH("USD",E7)),"USD",IF(ISNUMBER(SEARCH("CNY",E7)),"CNY","")), "") -> CNY | N7: 15568 | O7: KGS | P7: 432.15818 | Q7: 6727838.5 | R7: 4.8178169 | S7: 75003.774 | T7: 1890522.7
A8: INNSA1 | B8: 2025-10-06 | C8: 0301049751 | D8: 73239990 | E8: STEEL HANGER 10PCS SET (AM-969) (QTY: 480 SET/USD 0.819 PERSET)STEEL HANGER 10PCS SET (AM-969) (QTY: 480 SET/USD 0.819 PER | F8: =IFERROR(TRIM(LEFT(E8, FIND(" ", E8)-1)), "") -> STEEL | G8: =IFERROR(TRIM(MID(E8, FIND(" ", E8)+1, FIND("(",E8)-FIND(" ",E8)-1)), "") -> HANGER 10PCS SET | H8: =IFERROR(MID(E8, FIND("(",E8)+1, FIND(")",E8)-FIND("(",E8)-1), "") -> AM-969 | I8: =IFERROR(MID(E8, FIND("(",E8, FIND("P",E8)) + 1, FIND(" ",E8, FIND("(",E8)) - FIND("(",E8) - 1), "") -> AM-969) | J8: =IFERROR(--SUBSTITUTE(MID(E8, FIND("QTY", E8)+4, FIND(" ",E8, FIND("QTY",E8)+5)-FIND("QTY",E8)-4), ",",""),"") -> 480 | K8: =IFERROR( TRIM(_xlfn.TEXTAFTER(_xlfn.TEXTBEFORE(_xlfn.TEXTAFTER(tblRaw[[#This Row],[GOODS DESCRIPTION]],"QTY"),"/")," ")), tblRaw[[#This Row],[Unit of measure]] ) -> 480 SET | L8: =IFERROR(--MID(E8, FIND("USD",E8)+4, FIND(" ",E8,FIND("USD",E8)+5)-FIND("USD",E8)-4), IFERROR(--MID(E8,FIND("CNY",E8)+4,FIND(" ",E8,FIND("CNY",E8)+5)-FIND("CNY",E8)-4),"")) -> 0.819 | M8: =IFERROR(IF(ISNUMBER(SEARCH("USD",E8)),"USD",IF(ISNUMBER(SEARCH("CNY",E8)),"CNY","")), "") -> USD | N8: 380 | O8: KGS | P8: 100.44208 | Q8: 38167.99 | R8: 1.1197556 | S8: 425.50713 | T8: 10725.3
A9: INNSA1 | B9: 2025-10-01 | C9: 0301049751 | D9: 73239990 | E9: AM-967 STEEL FRUIT BASKET (QTY 400 PCS/USD 1.031 PER PCS) AM-967 STEEL FRUIT BASKET (QTY 400 PCS/USD 1.031 PER PCS) | F9: =IFERROR(TRIM(LEFT(E9, FIND(" ", E9)-1)), "") -> AM-967 | G9: =IFERROR(TRIM(MID(E9, FIND(" ", E9)+1, FIND("(",E9)-FIND(" ",E9)-1)), "") -> STEEL FRUIT BASKET | H9: =IFERROR(MID(E9, FIND("(",E9)+1, FIND(")",E9)-FIND("(",E9)-1), "") -> QTY 400 PCS/USD 1.031 PER PCS | I9: =IFERROR(MID(E9, FIND("(",E9, FIND("P",E9)) + 1, FIND(" ",E9, FIND("(",E9)) - FIND("(",E9) - 1), "") -> QTY | J9: =IFERROR(--SUBSTITUTE(MID(E9, FIND("QTY", E9)+4, FIND(" ",E9, FIND("QTY",E9)+5)-FIND("QTY",E9)-4), ",",""),"") -> 400 | K9: =IFERROR( TRIM(_xlfn.TEXTAFTER(_xlfn.TEXTBEFORE(_xlfn.TEXTAFTER(tblRaw[[#This Row],[GOODS DESCRIPTION]],"QTY"),"/")," ")), tblRaw[[#This Row],[Unit of measure]] ) -> 400 PCS | L9: =IFERROR(--MID(E9, FIND("USD",E9)+4, FIND(" ",E9,FIND("USD",E9)+5)-FIND("USD",E9)-4), IFERROR(--MID(E9,FIND("CNY",E9)+4,FIND(" ",E9,FIND("CNY",E9)+5)-FIND("CNY",E9)-4),"")) -> 1.031 | M9: =IFERROR(IF(ISNUMBER(SEARCH("USD",E9)),"USD",IF(ISNUMBER(SEARCH("CNY",E9)),"CNY","")), "") -> USD | N9: 460 | O9: KGS | P9: 85.377826 | Q9: 39273.8 | R9: 0.96092095 | S9: 442.02364 | T9: 11036
A10: INNSA1 | B10: 2025-10-01 | C10: 0301049751 | D10: 73239990 | E10: AM-966 STEEL FRUIT BASKET (QTY 400 PCS/USD 1.017 PER PCS) AM-966 STEEL FRUIT BASKET (QTY 400 PCS/USD 1.017 PER PCS) | F10: =IFERROR(TRIM(LEFT(E10, FIND(" ", E10)-1)), "") -> AM-966 | G10: =IFERROR(TRIM(MID(E10, FIND(" ", E10)+1, FIND("(",E10)-FIND(" ",E10)-1)), "") -> STEEL FRUIT BASKET | H10: =IFERROR(MID(E10, FIND("(",E10)+1, FIND(")",E10)-FIND("(",E10)-1), "") -> QTY 400 PCS/USD 1.017 PER PCS | I10: =IFERROR(MID(E10, FIND("(",E10, FIND("P",E10)) + 1, FIND(" ",E10, FIND("(",E10)) - FIND("(",E10) - 1), "") -> QTY | J10: =IFERROR(--SUBSTITUTE(MID(E10, FIND("QTY", E10)+4, FIND(" ",E10, FIND("QTY",E10)+5)-FIND("QTY",E10)-4), ",",""),"") -> 400 | K10: =IFERROR( TRIM(_xlfn.TEXTAFTER(_xlfn.TEXTBEFORE(_xlfn.TEXTAFTER(tblRaw[[#This Row],[GOODS DESCRIPTION]],"QTY"),"/")," ")), tblRaw[[#This Row],[Unit of measure]] ) -> 400 PCS | L10: =IFERROR(--MID(E10, FIND("USD",E10)+4, FIND(" ",E10,FIND("USD",E10)+5)-FIND("USD",E10)-4), IFERROR(--MID(E10,FIND("CNY",E10)+4,FIND(" ",E10,FIND("CNY",E10)+5)-FIND("CNY",E10)-4),"")) -> 1.017 | M10: =IFERROR(IF(ISNUMBER(SEARCH("USD",E10)),"USD",IF(ISNUMBER(SEARCH("CNY",E10)),"CNY","")), "") -> USD | N10: 310 | O10: KGS | P10: 124.96932 | Q10: 38740.49 | R10: 1.4065202 | S10: 436.02127 | T10: 10886.1
A11: INNSA1 | B11: 2025-10-01 | C11: 0301049751 | D11: 73239990 | E11: AM-965 STEEL SPOON & FORK HOLDER (QTY 480 PCS/USD 0.734 PERPCS)AM-965 STEEL SPOON & FORK HOLDER (QTY 480 PCS/USD 0.734 PER | F11: =IFERROR(TRIM(LEFT(E11, FIND(" ", E11)-1)), "") -> AM-965 | G11: =IFERROR(TRIM(MID(E11, FIND(" ", E11)+1, FIND("(",E11)-FIND(" ",E11)-1)), "") -> STEEL SPOON & FORK HOLDER | H11: =IFERROR(MID(E11, FIND("(",E11)+1, FIND(")",E11)-FIND("(",E11)-1), "") -> QTY 480 PCS/USD 0.734 PERPCS | I11: =IFERROR(MID(E11, FIND("(",E11, FIND("P",E11)) + 1, FIND(" ",E11, FIND("(",E11)) - FIND("(",E11) - 1), "") -> QTY | J11: =IFERROR(--SUBSTITUTE(MID(E11, FIND("QTY", E11)+4, FIND(" ",E11, FIND("QTY",E11)+5)-FIND("QTY",E11)-4), ",",""),"") -> 480 | K11: =IFERROR( TRIM(_xlfn.TEXTAFTER(_xlfn.TEXTBEFORE(_xlfn.TEXTAFTER(tblRaw[[#This Row],[GOODS DESCRIPTION]],"QTY"),"/")," ")), tblRaw[[#This Row],[Unit of measure]] ) -> 480 PCS | L11: =IFERROR(--MID(E11, FIND("USD",E11)+4, FIND(" ",E11,FIND("USD",E11)+5)-FIND("USD",E11)-4), IFERROR(--MID(E11,FIND("CNY",E11)+4,FIND(" ",E11,FIND("CNY",E11)+5)-FIND("CNY",E11)-4),"")) -> 0.734 | M11: =IFERROR(IF(ISNUMBER(SEARCH("USD",E11)),"USD",IF(ISNUMBER(SEARCH("CNY",E11)),"CNY","")), "") -> USD | N11: 168 | O11: KGS | P11: 199.71571 | Q11: 33552.24 | R11: 2.2477852 | S11: 377.62791 | T11: 9428.1
A12: INNSA1 | B12: 2025-10-01 | C12: 0301049751 | D12: 73231000 | E12: 8001-2 STEEL SCRUBBER 2 PCS SET (QTY 336000 SETS/USD 0.139 PER SETS)8001-2 STEEL SCRUBBER 2 PCS SET (QTY 336000 SETS/USD 0.139 P | F12: =IFERROR(TRIM(LEFT(E12, FIND(" ", E12)-1)), "") -> 8001-2 | G12: =IFERROR(TRIM(MID(E12, FIND(" ", E12)+1, FIND("(",E12)-FIND(" ",E12)-1)), "") -> STEEL SCRUBBER 2 PCS SET | H12: =IFERROR(MID(E12, FIND("(",E12)+1, FIND(")",E12)-FIND("(",E12)-1), "") -> QTY 336000 SETS/USD 0.139 PER SETS | I12: =IFERROR(MID(E12, FIND("(",E12, FIND("P",E12)) + 1, FIND(" ",E12, FIND("(",E12)) - FIND("(",E12) - 1), "") -> QTY | J12: =IFERROR(--SUBSTITUTE(MID(E12, FIND("QTY", E12)+4, FIND(" ",E12, FIND("QTY",E12)+5)-FIND("QTY",E12)-4), ",",""),"") -> 336000 | K12: =IFERROR( TRIM(_xlfn.TEXTAFTER(_xlfn.TEXTBEFORE(_xlfn.TEXTAFTER(tblRaw[[#This Row],[GOODS DESCRIPTION]],"QTY"),"/")," ")), tblRaw[[#This Row],[Unit of measure]] ) -> 336000 SETS | L12: =IFERROR(--MID(E12, FIND("USD",E12)+4, FIND(" ",E12,FIND("USD",E12)+5)-FIND("USD",E12)-4), IFERROR(--MID(E12,FIND("CNY",E12)+4,FIND(" ",E12,FIND("CNY",E12)+5)-FIND("CNY",E12)-4),"")) -> 0.139 | M12: =IFERROR(IF(ISNUMBER(SEARCH("USD",E12)),"USD",IF(ISNUMBER(SEARCH("CNY",E12)),"CNY","")), "") -> USD | N12: 9800 | O12: KGS | P12: 456.12539 | Q12: 4470028.8 | R12: 5.1336566 | S12: 50309.835 | T12: 1965024.7
A13: INNSA1 | B13: 2025-09-27 | C13: 0301049751 | D13: 73231000 | E13: OKS-4156 STEEL SCRUBBER 6PCS SET (QTY: 93360 PCS /USD 0.228PER PCS)OKS-4156 STEEL SCRUBBER 6PCS SET (QTY: 93360 PCS /USD 0.228 | F13: =IFERROR(TRIM(LEFT(E13, FIND(" ", E13)-1)), "") -> OKS-4156 | G13: =IFERROR(TRIM(MID(E13, FIND(" ", E13)+1, FIND("(",E13)-FIND(" ",E13)-1)), "") -> STEEL SCRUBBER 6PCS SET | H13: =IFERROR(MID(E13, FIND("(",E13)+1, FIND(")",E13)-FIND("(",E13)-1), "") -> QTY: 93360 PCS /USD 0.228PER PCS | I13: =IFERROR(MID(E13, FIND("(",E13, FIND("P",E13)) + 1, FIND(" ",E13, FIND("(",E13)) - FIND("(",E13) - 1), "") -> QTY: | J13: =IFERROR(--SUBSTITUTE(MID(E13, FIND("QTY", E13)+4, FIND(" ",E13, FIND("QTY",E13)+5)-FIND("QTY",E13)-4), ",",""),"") -> 93360 | K13: =IFERROR( TRIM(_xlfn.TEXTAFTER(_xlfn.TEXTBEFORE(_xlfn.TEXTAFTER(tblRaw[[#This Row],[GOODS DESCRIPTION]],"QTY"),"/")," ")), tblRaw[[#This Row],[Unit of measure]] ) -> 93360 PCS | L13: =IFERROR(--MID(E13, FIND("USD",E13)+4, FIND(" ",E13,FIND("USD",E13)+5)-FIND("USD",E13)-4), IFERROR(--MID(E13,FIND("CNY",E13)+4,FIND(" ",E13,FIND("CNY",E13)+5)-FIND("CNY",E13)-4),"")) | M13: =IFERROR(IF(ISNUMBER(SEARCH("USD",E13)),"USD",IF(ISNUMBER(SEARCH("CNY",E13)),"CNY","")), "") -> USD | N13: 7496.03 | O13: KGS | P13: 263.57138 | Q13: 1975739 | R13: 2.9664758 | S13: 22236.792 | T13: 868534.9
A14: INNSA1 | B14: 2025-09-27 | C14: 0301049751 | D14: 73231000 | E14: 8001-2 STEEL SCRUBBER 2PCS SET (QTY: 168000 SETS/USD 0.139 PER SETS)8001-2 STEEL SCRUBBER 2PCS SET (QTY: 168000 SETS/USD 0.139 P | F14: =IFERROR(TRIM(LEFT(E14, FIND(" ", E14)-1)), "") -> 8001-2 | G14: =IFERROR(TRIM(MID(E14, FIND(" ", E14)+1, FIND("(",E14)-FIND(" ",E14)-1)), "") -> STEEL SCRUBBER 2PCS SET | H14: =IFERROR(MID(E14, FIND("(",E14)+1, FIND(")",E14)-FIND("(",E14)-1), "") -> QTY: 168000 SETS/USD 0.139 PER SETS | I14: =IFERROR(MID(E14, FIND("(",E14, FIND("P",E14)) + 1, FIND(" ",E14, FIND("(",E14)) - FIND("(",E14) - 1), "") -> QTY: | J14: =IFERROR(--SUBSTITUTE(MID(E14, FIND("QTY", E14)+4, FIND(" ",E14, FIND("QTY",E14)+5)-FIND("QTY",E14)-4), ",",""),"") -> 168000 | K14: =IFERROR( TRIM(_xlfn.TEXTAFTER(_xlfn.TEXTBEFORE(_xlfn.TEXTAFTER(tblRaw[[#This Row],[GOODS DESCRIPTION]],"QTY"),"/")," ")), tblRaw[[#This Row],[Unit of measure]] ) -> 168000 SETS | L14: =IFERROR(--MID(E14, FIND("USD",E14)+4, FIND(" ",E14,FIND("USD",E14)+5)-FIND("USD",E14)-4), IFERROR(--MID(E14,FIND("CNY",E14)+4,FIND(" ",E14,FIND("CNY",E14)+5)-FIND("CNY",E14)-4),"")) -> 0.139 | M14: =IFERROR(IF(ISNUMBER(SEARCH("USD",E14)),"USD",IF(ISNUMBER(SEARCH("CNY",E14)),"CNY","")), "") -> USD | N14: 4900 | O14: KGS | P14: 442.07294 | Q14: 2166157.4 | R14: 4.9754973 | S14: 24379.937 | T14: 952242.8
... A2080: INNSA1 | B2080: 2017-01-13 | C2080: 0301049751 | D2080: 73239990 | E2080: STAINLESS STEEL SPORTS BOTTLE 750ML S-308-C6-NP-20(TOTAL NET WT.284.83 KGS) | F2080: =IFERROR(TRIM(LEFT(E2080, FIND(" ", E2080)-1)), "") -> STAINLESS | G2080: =IFERROR(TRIM(MID(E2080, FIND(" ", E2080)+1, FIND("(",E2080)-FIND(" ",E2080)-1)), "") -> STEEL SPORTS BOTTLE 750ML S-308-C6-NP-20 | H2080: =IFERROR(MID(E2080, FIND("(",E2080)+1, FIND(")",E2080)-FIND("(",E2080)-1), "") -> TOTAL NET WT.284.83 KGS | I2080: =IFERROR(MID(E2080, FIND("(",E2080, FIND("P",E2080)) + 1, FIND(" ",E2080, FIND("(",E2080)) - FIND("(",E2080) - 1), "") -> TOTAL | J2080: =IFERROR(--SUBSTITUTE(MID(E2080, FIND("QTY", E2080)+4, FIND(" ",E2080, FIND("QTY",E2080)+5)-FIND("QTY",E2080)-4), ",",""),"") | K2080: =IFERROR( TRIM(_xlfn.TEXTAFTER(_xlfn.TEXTBEFORE(_xlfn.TEXTAFTER(tblRaw[[#This Row],[GOODS DESCRIPTION]],"QTY"),"/")," ")), tblRaw[[#This Row],[Unit of measure]] ) -> 0 | L2080: =IFERROR(--MID(E2080, FIND("USD",E2080)+4, FIND(" ",E2080,FIND("USD",E2080)+5)-FIND("USD",E2080)-4), IFERROR(--MID(E2080,FIND("CNY",E2080)+4,FIND(" ",E2080,FIND("CNY",E2080)+5)-FIND("CNY",E2080)-4),"")) | M2080: =IFERROR(IF(ISNUMBER(SEARCH("USD",E2080)),"USD",IF(ISNUMBER(SEARCH("CNY",E2080)),"CNY","")), "") | N2080: 1656 | O2080: PCS | P2080: 79.149233 | Q2080: 131071.13 | R2080: 1.1504249 | S2080: 1905.1036 | T2080: 22410.6

Sheet Cleaned Data
A1: PORT CODE | B1: DATE | C1: YEAR | D1: IEC | E1: HS CODE | F1: HS MAIN CATEGORY | G1: GOODS DESCRIPTION | H1: MODEL NAME | I1: MODEL NUMBER | J1: Capacity | K1: RAW QTY (from description) | L1: RAW UNIT (PCS / SET / etc) | M1: FINAL QUANTITY | N1: FINAL UNIT | O1: USD UNIT PRICE | P1: USD TOTAL VALUE | Q1: INR UNIT PRICE | R1: INR TOTAL VALUE | S1: DUTY PAID | T1: DUTY PER UNIT | U1: DUTY % | V1: CATEGORY (Steel / Other)
A2: INNSA1 | B2: 2025-10-28 | C2: =YEAR(B2) -> 2025 | D2: 0301049751 | E2: 73239990 | F2: =LEFT(E2,2) -> 73 | G2: TH5170 STEEL CUTLERY HOLDER (QTY:600 PCS/USD 2.03 PER PCS) TH5170 STEEL CUTLERY HOLDER (QTY:600 PCS/USD 2.03 PER PCS) | H2: =IFERROR(LEFT(G2, FIND(" ",G2)), "") -> TH5170 | I2: {=IFERROR(INDEX(_xlfn.TEXTSPLIT(E2," "),1), "")} -> 73239990 | J2: QTY:600 | K2: {=IF(ISERROR(SEARCH("QTY:", G2)), IF(ISERROR(SEARCH("TOTAL ", G2)), Raw [1]Data!N2, TRIM(MID(G2, SEARCH("TOTAL ", G2)+6, SEARCH(" ", G2&" ", SEARCH("TOTAL ", G2)+6) - SEARCH("TOTAL ", G2) - 6))), TRIM(MID(G2, SEARCH("QTY:", G2)+4, SEARCH(" ", G2, SEARCH("QTY:", G2)+4) - SEARCH("QTY:", G2) - 4)))} -> 600 | M2: =K2 -> 600 | N2: =L2 -> 0 | O2: {=IF(ISERROR(SEARCH("USD ", G2)), Raw [1]Data!S2, TRIM(MID(G2, SEARCH("USD ", G2)+4, SEARCH(" ", G2&" ", SEARCH("USD ", G2)+4) - SEARCH("USD ", G2) - 4)))} -> 2.03 | P2: =O2*M2 -> 1218 | Q2: {=Raw [1]Data!P2} -> #NAME? | R2: {=Raw [1]Data!Q2} -> #NAME? | S2: {=Raw [1]Data!T2} -> #NAME? | T2: =S2/M2 -> #NAME? | U2: =IF(R2<>0, (S2/R2)*100, 0) -> #NAME? | V2: =IF(OR(E2=73239990,E2=73231000,E2=73239390),"Steel","Other") -> Other
A3: INNSA1 | B3: 2025-10-28 | C3: =YEAR(B3) -> 2025 | D3: 0301049751 | E3: 73231000 | F3: =LEFT(E3,2) -> 73 | G3: 8001-2 STEEL SCRUBBER 2PCS SET (QTY: 336000 SETS/USD 0.139 PER SETS)8001-2 STEEL SCRUBBER 2PCS SET (QTY: 336000 SETS/USD 0.139 P | H3: =IFERROR(LEFT(G3, FIND(" ",G3)), "") -> 8001-2 | I3: {=IFERROR(INDEX(_xlfn.TEXTSPLIT(E3," "),1), "")} -> 73231000 | J3: QTY: | K3: {=IF(ISERROR(SEARCH("QTY:", G3)), IF(ISERROR(SEARCH("TOTAL ", G3)), Raw [1]Data!N3, TRIM(MID(G3, SEARCH("TOTAL ", G3)+6, SEARCH(" ", G3&" ", SEARCH("TOTAL ", G3)+6) - SEARCH("TOTAL ", G3) - 6))), TRIM(MID(G3, SEARCH("QTY:", G3)+4, SEARCH(" ", G3, SEARCH("QTY:", G3)+4) - SEARCH("QTY:", G3) - 4)))} | M3: =K3 | N3: =L3 -> 0 | O3: {=IF(ISERROR(SEARCH("USD ", G3)), Raw [1]Data!S3, TRIM(MID(G3, SEARCH("USD ", G3)+4, SEARCH(" ", G3&" ", SEARCH("USD ", G3)+4) - SEARCH("USD ", G3) - 4)))} -> 0.139 | P3: =O3*M3 -> #VALUE! | Q3: {=Raw [1]Data!P3} -> #NAME? | R3: {=Raw [1]Data!Q3} -> #NAME? | S3: {=Raw [1]Data!T3} -> #NAME? | T3: =S3/M3 -> #NAME? | U3: =IF(R3<>0, (S3/R3)*100, 0) -> #NAME? | V3: =IF(OR(E3=73239990,E3=73231000,E3=73239390),"Steel","Other") -> Other
A4: INNSA1 | B4: 2025-10-23 | C4: =YEAR(B4) -> 2025 | D4: 0301049751 | E4: 73239990 | F4: =LEFT(E4,2) -> 73 | G4: MILD STEEL MULTI FUNCTION CLOTH STAND (RYX-02-020) (QTY: 1,232 PCS/CNY:101 PER PCS)MILD STEEL MULTI FUNCTION CLOTH STAND (RYX-02-020) (QTY: 1,2 | H4: =IFERROR(LEFT(G4, FIND(" ",G4)), "") -> MILD | I4: {=IFERROR(INDEX(_xlfn.TEXTSPLIT(E4," "),1), "")} -> 73239990 | J4: RYX-02-020) | K4: {=IF(ISERROR(SEARCH("QTY:", G4)), IF(ISERROR(SEARCH("TOTAL ", G4)), Raw [1]Data!N4, TRIM(MID(G4, SEARCH("TOTAL ", G4)+6, SEARCH(" ", G4&" ", SEARCH("TOTAL ", G4)+6) - SEARCH("TOTAL ", G4) - 6))), TRIM(MID(G4, SEARCH("QTY:", G4)+4, SEARCH(" ", G4, SEARCH("QTY:", G4)+4) - SEARCH("QTY:", G4) - 4)))} | M4: =K4 | N4: =L4 -> 0 | O4: {=IF(ISERROR(SEARCH("USD ", G4)), Raw [1]Data!S4, TRIM(MID(G4, SEARCH("USD ", G4)+4, SEARCH(" ", G4&" ", SEARCH("USD ", G4)+4) - SEARCH("USD ", G4) - 4)))} -> #NAME? | P4: =O4*M4 -> #NAME? | Q4: {=Raw [1]Data!P4} -> #NAME? | R4: {=Raw [1]Data!Q4} -> #NAME? | S4: {=Raw [1]Data!T4} -> #NAME? | T4: =S4/M4 -> #NAME? | U4: =IF(R4<>0, (S4/R4)*100, 0) -> #NAME? | V4: =IF(OR(E4=73239990,E4=73231000,E4=73239390),"Steel","Other") -> Other
A5: INNSA1 | B5: 2025-10-13 | C5: =YEAR(B5) -> 2025 | D5: 0301049751 | E5: 73239990 | F5: =LEFT(E5,2) -> 73 | G5: SB-12 STEEL TEA STRAINER BIG (QTY 6336 PCS/USD 0.973 PER PCS)SB-12 STEEL TEA STRAINER BIG (QTY 6336 PCS/USD 0.973 PER PCS | H5: =IFERROR(LEFT(G5, FIND(" ",G5)), "") -> SB-12 | I5: {=IFERROR(INDEX(_xlfn.TEXTSPLIT(E5," "),1), "")} -> 73239990 | J5: QTY: | K5: {=IF(ISERROR(SEARCH("QTY:", G5)), IF(ISERROR(SEARCH("TOTAL ", G5)), Raw [1]Data!N5, TRIM(MID(G5, SEARCH("TOTAL ", G5)+6, SEARCH(" ", G5&" ", SEARCH("TOTAL ", G5)+6) - SEARCH("TOTAL ", G5) - 6))), TRIM(MID(G5, SEARCH("QTY:", G5)+4, SEARCH(" ", G5, SEARCH("QTY:", G5)+4) - SEARCH("QTY:", G5) - 4)))} -> #NAME? | M5: =K5 -> #NAME? | N5: =L5 -> 0 | O5: {=IF(ISERROR(SEARCH("USD ", G5)), Raw [1]Data!S5, TRIM(MID(G5, SEARCH("USD ", G5)+4, SEARCH(" ", G5&" ", SEARCH("USD ", G5)+4) - SEARCH("USD ", G5) - 4)))} -> 0.973 | P5: =O5*M5 -> #NAME? | Q5: {=Raw [1]Data!P5} -> #NAME? | R5: {=Raw [1]Data!Q5} -> #NAME? | S5: {=Raw [1]Data!T5} -> #NAME? | T5: =S5/M5 -> #NAME? | U5: =IF(R5<>0, (S5/R5)*100, 0) -> #NAME? | V5: =IF(OR(E5=73239990,E5=73231000,E5=73239390),"Steel","Other") -> Other
A6: INNSA1 | B6: 2025-10-13 | C6: =YEAR(B6) -> 2025 | D6: 0301049751 | E6: 73239990 | F6: =LEFT(E6,2) -> 73 | G6: SB-12 STEEL TEA STRAINER BIG (QTY 43038 PCS/USD 0.9718 PER PCS)SB-12 STEEL TEA STRAINER BIG (QTY 43038 PCS/USD 0.9718 PER P | H6: =IFERROR(LEFT(G6, FIND(" ",G6)), "") -> SB-12 | I6: {=IFERROR(INDEX(_xlfn.TEXTSPLIT(E6," "),1), "")} -> 73239990 | J6: QTY | K6: {=IF(ISERROR(SEARCH("QTY:", G6)), IF(ISERROR(SEARCH("TOTAL ", G6)), Raw [1]Data!N6, TRIM(MID(G6, SEARCH("TOTAL ", G6)+6, SEARCH(" ", G6&" ", SEARCH("TOTAL ", G6)+6) - SEARCH("TOTAL ", G6) - 6))), TRIM(MID(G6, SEARCH("QTY:", G6)+4, SEARCH(" ", G6, SEARCH("QTY:", G6)+4) - SEARCH("QTY:", G6) - 4)))} -> #NAME? | M6: =K6 -> #NAME? | N6: =L6 -> 0 | O6: {=IF(ISERROR(SEARCH("USD ", G6)), Raw [1]Data!S6, TRIM(MID(G6, SEARCH("USD ", G6)+4, SEARCH(" ", G6&" ", SEARCH("USD ", G6)+4) - SEARCH("USD ", G6) - 4)))} -> 0.9718 | P6: =O6*M6 -> #NAME? | Q6: {=Raw [1]Data!P6} -> #NAME? | R6: {=Raw [1]Data!Q6} -> #NAME? | S6: {=Raw [1]Data!T6} -> #NAME? | T6: =S6/M6 -> #NAME? | U6: =IF(R6<>0, (S6/R6)*100, 0) -> #NAME? | V6: =IF(OR(E6=73239990,E6=73231000,E6=73239390),"Steel","Other") -> Other
A7: INNSA1 | B7: 2025-10-08 | C7: =YEAR(B7) -> 2025 | D7: 0301049751 | E7: 73239990 | F7: =LEFT(E7,2) -> 73 | G7: STEEL HANGER WITH HOOK (SL-89) (QTY:70056 PCS/CNY:7.45 PER PCS)STEEL HANGER WITH HOOK (SL-89) (QTY:70056 PCS/:7.45 | H7: =IFERROR(LEFT(G7, FIND(" ",G7)), "") -> STEEL | I7: {=IFERROR(INDEX(_xlfn.TEXTSPLIT(E7," "),1), "")} -> 73239990 | J7: SL-89) | K7: {=IF(ISERROR(SEARCH("QTY:", G7)), IF(ISERROR(SEARCH("TOTAL ", G7)), Raw [1]Data!N7, TRIM(MID(G7, SEARCH("TOTAL ", G7)+6, SEARCH(" ", G7&" ", SEARCH("TOTAL ", G7)+6) - SEARCH("TOTAL ", G7) - 6))), TRIM(MID(G7, SEARCH("QTY:", G7)+4, SEARCH(" ", G7, SEARCH("QTY:", G7)+4) - SEARCH("QTY:", G7) - 4)))} -> 70056 | M7: =K7 -> 70056 | N7: =L7 -> 0 | O7: {=IF(ISERROR(SEARCH("USD ", G7)), Raw [1]Data!S7, TRIM(MID(G7, SEARCH("USD ", G7)+4, SEARCH(" ", G7&" ", SEARCH("USD ", G7)+4) - SEARCH("USD ", G7) - 4)))} -> #NAME? | P7: =O7*M7 -> #NAME? | Q7: {=Raw [1]Data!P7} -> #NAME? | R7: {=Raw [1]Data!Q7} -> #NAME? | S7: {=Raw [1]Data!T7} -> #NAME? | T7: =S7/M7 -> #NAME? | U7: =IF(R7<>0, (S7/R7)*100, 0) -> #NAME? | V7: =IF(OR(E7=73239990,E7=73231000,E7=73239390),"Steel","Other") -> Other
A8: INNSA1 | B8: 2025-10-06 | C8: =YEAR(B8) -> 2025 | D8: 0301049751 | E8: 73239990 | F8: =LEFT(E8,2) -> 73 | G8: STEEL HANGER 10PCS SET (AM-969) (QTY: 480 SET/USD 0.819 PERSET)STEEL HANGER 10PCS SET (AM-969) (QTY: 480 SET/USD 0.819 PER | H8: =IFERROR(LEFT(G8, FIND(" ",G8)), "") -> STEEL | I8: {=IFERROR(INDEX(_xlfn.TEXTSPLIT(E8," "),1), "")} -> 73239990 | J8: AM-969) | K8: {=IF(ISERROR(SEARCH("QTY:", G8)), IF(ISERROR(SEARCH("TOTAL ", G8)), Raw [1]Data!N8, TRIM(MID(G8, SEARCH("TOTAL ", G8)+6, SEARCH(" ", G8&" ", SEARCH("TOTAL ", G8)+6) - SEARCH("TOTAL ", G8) - 6))), TRIM(MID(G8, SEARCH("QTY:", G8)+4, SEARCH(" ", G8, SEARCH("QTY:", G8)+4) - SEARCH("QTY:", G8) - 4)))} | M8: =K8 | N8: =L8 -> 0 | O8: {=IF(ISERROR(SEARCH("USD ", G8)), Raw [1]Data!S8, TRIM(MID(G8, SEARCH("USD ", G8)+4, SEARCH(" ", G8&" ", SEARCH("USD ", G8)+4) - SEARCH("USD ", G8) - 4)))} -> 0.819 | P8: =O8*M8 -> #VALUE! | Q8: {=Raw [1]Data!P8} -> #NAME? | R8: {=Raw [1]Data!Q8} -> #NAME? | S8: {=Raw [1]Data!T8} -> #NAME? | T8: =S8/M8 -> #NAME? | U8: =IF(R8<>0, (S8/R8)*100, 0) -> #NAME? | V8: =IF(OR(E8=73239990,E8=73231000,E8=73239390),"Steel","Other") -> Other
A9: INNSA1 | B9: 2025-10-01 | C9: =YEAR(B9) -> 2025 | D9: 0301049751 | E9: 73239990 | F9: =LEFT(E9,2) -> 73 | G9: AM-967 STEEL FRUIT BASKET (QTY 400 PCS/USD 1.031 PER PCS) AM-967 STEEL FRUIT BASKET (QTY 400 PCS/USD 1.031 PER PCS) | H9: =IFERROR(LEFT(G9, FIND(" ",G9)), "") -> AM-967 | I9: {=IFERROR(INDEX(_xlfn.TEXTSPLIT(E9," "),1), "")} -> 73239990 | J9: QTY | K9: {=IF(ISERROR(SEARCH("QTY:", G9)), IF(ISERROR(SEARCH("TOTAL ", G9)), Raw [1]Data!N9, TRIM(MID(G9, SEARCH("TOTAL ", G9)+6, SEARCH(" ", G9&" ", SEARCH("TOTAL ", G9)+6) - SEARCH("TOTAL ", G9) - 6))), TRIM(MID(G9, SEARCH("QTY:", G9)+4, SEARCH(" ", G9, SEARCH("QTY:", G9)+4) - SEARCH("QTY:", G9) - 4)))} -> #NAME? | M9: =K9 -> #NAME? | N9: =L9 -> 0 | O9: {=IF(ISERROR(SEARCH("USD ", G9)), Raw [1]Data!S9, TRIM(MID(G9, SEARCH("USD ", G9)+4, SEARCH(" ", G9&" ", SEARCH("USD ", G9)+4) - SEARCH("USD ", G9) - 4)))} -> 1.031 | P9: =O9*M9 -> #NAME? | Q9: {=Raw [1]Data!P9} -> #NAME? | R9: {=Raw [1]Data!Q9} -> #NAME? | S9: {=Raw [1]Data!T9} -> #NAME? | T9: =S9/M9 -> #NAME? | U9: =IF(R9<>0, (S9/R9)*100, 0) -> #NAME? | V9: =IF(OR(E9=73239990,E9=73231000,E9=73239390),"Steel","Other") -> Other
A10: INNSA1 | B10: 2025-10-01 | C10: =YEAR(B10) -> 2025 | D10: 0301049751 | E10: 73239990 | F10: =LEFT(E10,2) -> 73 | G10: AM-966 STEEL FRUIT BASKET (QTY 400 PCS/USD 1.017 PER PCS) AM-966 STEEL FRUIT BASKET (QTY 400 PCS/USD 1.017 PER PCS) | H10: =IFERROR(LEFT(G10, FIND(" ",G10)), "") -> AM-966 | I10: {=IFERROR(INDEX(_xlfn.TEXTSPLIT(E10," "),1), "")} -> 73239990 | J10: QTY | K10: {=IF(ISERROR(SEARCH("QTY:", G10)), IF(ISERROR(SEARCH("TOTAL ", G10)), Raw [1]Data!N10, TRIM(MID(G10, SEARCH("TOTAL ", G10)+6, SEARCH(" ", G10&" ", SEARCH("TOTAL ", G10)+6) - SEARCH("TOTAL ", G10) - 6))), TRIM(MID(G10, SEARCH("QTY:", G10)+4, SEARCH(" ", G10, SEARCH("QTY:", G10)+4) - SEARCH("QTY:", G10) - 4)))} -> #NAME? | M10: =K10 -> #NAME? | N10: =L10 -> 0 | O10: {=IF(ISERROR(SEARCH("USD ", G10)), Raw [1]Data!S10, TRIM(MID(G10, SEARCH("USD ", G10)+4, SEARCH(" ", G10&" ", SEARCH("USD ", G10)+4) - SEARCH("USD ", G10) - 4)))} -> 1.017 | P10: =O10*M10 -> #NAME? | Q10: {=Raw [1]Data!P10} -> #NAME? | R10: {=Raw [1]Data!Q10} -> #NAME? | S10: {=Raw [1]Data!T10} -> #NAME? | T10: =S10/M10 -> #NAME? | U10: =IF(R10<>0, (S10/R10)*100, 0) -> #NAME? | V10: =IF(OR(E10=73239990,E10=73231000,E10=73239390),"Steel","Other") -> Other
A11: INNSA1 | B11: 2025-10-01 | C11: =YEAR(B11) -> 2025 | D11: 0301049751 | E11: 73239990 | F11: =LEFT(E11,2) -> 73 | G11: AM-965 STEEL SPOON & FORK HOLDER (QTY 480 PCS/USD 0.734 PERPCS)AM-965 STEEL SPOON & FORK HOLDER (QTY 480 PCS/USD 0.734 PER | H11: =IFERROR(LEFT(G11, FIND(" ",G11)), "") -> AM-965 | I11: {=IFERROR(INDEX(_xlfn.TEXTSPLIT(E11," "),1), "")} -> 73239990 | J11: QTY | K11: {=IF(ISERROR(SEARCH("QTY:", G11)), IF(ISERROR(SEARCH("TOTAL ", G11)), Raw [1]Data!N11, TRIM(MID(G11, SEARCH("TOTAL ", G11)+6, SEARCH(" ", G11&" ", SEARCH("TOTAL ", G11)+6) - SEARCH("TOTAL ", G11) - 6))), TRIM(MID(G11, SEARCH("QTY:", G11)+4, SEARCH(" ", G11, SEARCH("QTY:", G11)+4) - SEARCH("QTY:", G11) - 4)))} -> #NAME? | M11: =K11 -> #NAME? | N11: =L11 -> 0 | O11: {=IF(ISERROR(SEARCH("USD ", G11)), Raw [1]Data!S11, TRIM(MID(G11, SEARCH("USD ", G11)+4, SEARCH(" ", G11&" ", SEARCH("USD ", G11)+4) - SEARCH("USD ", G11) - 4)))} -> 0.734 | P11: =O11*M11 -> #NAME? | Q11: {=Raw [1]Data!P11} -> #NAME? | R11: {=Raw [1]Data!Q11} -> #NAME? | S11: {=Raw [1]Data!T11} -> #NAME? | T11: =S11/M11 -> #NAME? | U11: =IF(R11<>0, (S11/R11)*100, 0) -> #NAME? | V11: =IF(OR(E11=73239990,E11=73231000,E11=73239390),"Steel","Other") -> Other
A12: INNSA1 | B12: 2025-10-01 | C12: =YEAR(B12) -> 2025 | D12: 0301049751 | E12: 73231000 | F12: =LEFT(E12,2) -> 73 | G12: 8001-2 STEEL SCRUBBER 2 PCS SET (QTY 336000 SETS/USD 0.139 PER SETS)8001-2 STEEL SCRUBBER 2 PCS SET (QTY 336000 SETS/USD 0.139 P | H12: =IFERROR(LEFT(G12, FIND(" ",G12)), "") -> 8001-2 | I12: {=IFERROR(INDEX(_xlfn.TEXTSPLIT(E12," "),1), "")} -> 73231000 | J12: QTY | K12: {=IF(ISERROR(SEARCH("QTY:", G12)), IF(ISERROR(SEARCH("TOTAL ", G12)), Raw [1]Data!N12, TRIM(MID(G12, SEARCH("TOTAL ", G12)+6, SEARCH(" ", G12&" ", SEARCH("TOTAL ", G12)+6) - SEARCH("TOTAL ", G12) - 6))), TRIM(MID(G12, SEARCH("QTY:", G12)+4, SEARCH(" ", G12, SEARCH("QTY:", G12)+4) - SEARCH("QTY:", G12) - 4)))} -> #NAME? | M12: =K12 -> #NAME? | N12: =L12 -> 0 | O12: {=IF(ISERROR(SEARCH("USD ", G12)), Raw [1]Data!S12, TRIM(MID(G12, SEARCH("USD ", G12)+4, SEARCH(" ", G12&" ", SEARCH("USD ", G12)+4) - SEARCH("USD ", G12) - 4)))} -> 0.139 | P12: =O12*M12 -> #NAME? | Q12: {=Raw [1]Data!P12} -> #NAME? | R12: {=Raw [1]Data!Q12} -> #NAME? | S12: {=Raw [1]Data!T12} -> #NAME? | T12: =S12/M12 -> #NAME? | U12: =IF(R12<>0, (S12/R12)*100, 0) -> #NAME? | V12: =IF(OR(E12=73239990,E12=73231000,E12=73239390),"Steel","Other") -> Other
A13: INNSA1 | B13: 2025-09-27 | C13: =YEAR(B13) -> 2025 | D13: 0301049751 | E13: 73231000 | F13: =LEFT(E13,2) -> 73 | G13: OKS-4156 STEEL SCRUBBER 6PCS SET (QTY: 93360 PCS /USD 0.228PER PCS)OKS-4156 STEEL SCRUBBER 6PCS SET (QTY: 93360 PCS /USD 0.228 | H13: =IFERROR(LEFT(G13, FIND(" ",G13)), "") -> OKS-4156 | I13: {=IFERROR(INDEX(_xlfn.TEXTSPLIT(E13," "),1), "")} -> 73231000 | J13: QTY: | K13: {=IF(ISERROR(SEARCH("QTY:", G13)), IF(ISERROR(SEARCH("TOTAL ", G13)), Raw [1]Data!N13, TRIM(MID(G13, SEARCH("TOTAL ", G13)+6, SEARCH(" ", G13&" ", SEARCH("TOTAL ", G13)+6) - SEARCH("TOTAL ", G13) - 6))), TRIM(MID(G13, SEARCH("QTY:", G13)+4, SEARCH(" ", G13, SEARCH("QTY:", G13)+4) - SEARCH("QTY:", G13) - 4)))} | M13: =K13 | N13: =L13 -> 0 | O13: {=IF(ISERROR(SEARCH("USD ", G13)), Raw [1]Data!S13, TRIM(MID(G13, SEARCH("USD ", G13)+4, SEARCH(" ", G13&" ", SEARCH("USD ", G13)+4) - SEARCH("USD ", G13) - 4)))} -> 0.228PER | P13: =O13*M13 -> #VALUE! | Q13: {=Raw [1]Data!P13} -> #NAME? | R13: {=Raw [1]Data!Q13} -> #NAME? | S13: {=Raw [1]Data!T13} -> #NAME? | T13: =S13/M13 -> #NAME? | U13: =IF(R13<>0, (S13/R13)*100, 0) -> #NAME? | V13: =IF(OR(E13=73239990,E13=73231000,E13=73239390),"Steel","Other") -> Other
... A155: INNSA1 | B155: 2024-12-20 | C155: =YEAR(B155) -> 2024 | D155: 0301049751 | E155: 73239990 | F155: =LEFT(E155,2) -> 73 | G155: STEEL SALT BOTTLE (NP-19) (QTY: 7200 PC/USD 0.441 PER PC) STEEL SALT BOTTLE (NP-19) (QTY: 7200 PC/USD 0.441 PER PC) | H155: =IFERROR(LEFT(G155, FIND(" ",G155)), "") -> STEEL | I155: {=IFERROR(INDEX(_xlfn.TEXTSPLIT(E155," "),1), "")} -> 73239990 | J155: QTY: 7 | K155: {=IF(ISERROR(SEARCH("QTY:", G155)), IF(ISERROR(SEARCH("TOTAL ", G155)), Raw [1]Data!N155, TRIM(MID(G155, SEARCH("TOTAL ", G155)+6, SEARCH(" ", G155&" ", SEARCH("TOTAL ", G155)+6) - SEARCH("TOTAL ", G155) - 6))), TRIM(MID(G155, SEARCH("QTY:", G155)+4, SEARCH(" ", G155, SEARCH("QTY:", G155)+4) - SEARCH("QTY:", G155) - 4)))} | M155: =K155 | N155: =L155 -> 0 | O155: {=IF(ISERROR(SEARCH("USD ", G155)), Raw [1]Data!S155, TRIM(MID(G155, SEARCH("USD ", G155)+4, SEARCH(" ", G155&" ", SEARCH("USD ", G155)+4) - SEARCH("USD ", G155) - 4)))} -> 0.441 | P155: =O155*M155 -> #VALUE! | Q155: {=Raw [1]Data!P155} -> #NAME? | R155: {=Raw [1]Data!Q155} -> #NAME? | S155: {=Raw [1]Data!T155} -> #NAME? | T155: =S155/M155 -> #NAME? | U155: =IF(R155<>0, (S155/R155)*100, 0) -> #NAME? | V155: =IF(OR(E155=73239990,E155=73231000,E155=73239390),"Steel","Other") -> Other
A156: INNSA1 | B156: 2024-12-04 | C156: =YEAR(B156) -> 2024 | D156: 0301049751 | E156: 73239990 | F156: =LEFT(E156,2) -> 73 | G156: RYX-02-020 MILD STEEL MULTI FUNCTION CLOTH STAND (QTY :1232NUM/CNY 101.00 PER NUM) | H156: =IFERROR(LEFT(G156, FIND(" ",G156)), "") -> RYX-02-020 | I156: {=IFERROR(INDEX(_xlfn.TEXTSPLIT(E156," "),1), "")} -> 73239990 | K156: {=IF(ISERROR(SEARCH("QTY:", G156)), IF(ISERROR(SEARCH("TOTAL ", G156)), Raw [1]Data!N156, TRIM(MID(G156, SEARCH("TOTAL ", G156)+6, SEARCH(" ", G156&" ", SEARCH("TOTAL ", G156)+6) - SEARCH("TOTAL ", G156) - 6))), TRIM(MID(G156, SEARCH("QTY:", G156)+4, SEARCH(" ", G156, SEARCH("QTY:", G156)+4) - SEARCH("QTY:", G156) - 4)))} -> #NAME? | M156: =K156 -> #NAME? | N156: =L156 -> 0 | O156: {=IF(ISERROR(SEARCH("USD ", G156)), Raw [1]Data!S156, TRIM(MID(G156, SEARCH("USD ", G156)+4, SEARCH(" ", G156&" ", SEARCH("USD ", G156)+4) - SEARCH("USD ", G156) - 4)))} -> #NAME? | P156: =O156*M156 -> #NAME? | Q156: {=Raw [1]Data!P156} -> #NAME? | R156: {=Raw [1]Data!Q156} -> #NAME? | S156: {=Raw [1]Data!T156} -> #NAME? | T156: =S156/M156 -> #NAME? | U156: =IF(R156<>0, (S156/R156)*100, 0) -> #NAME? | V156: =IF(OR(E156=73239990,E156=73231000,E156=73239390),"Steel","Other") -> Other
A157: INNSA1 | B157: 2024-11-30 | C157: =YEAR(B157) -> 2024 | D157: 0301049751 | E157: 73239990 | F157: =LEFT(E157,2) -> 73 | G157: RYX-02-020 MILD STEEL MULTI FUNCTION CLOTH STAND (QTY :1232NUM/CNY 101.00 PER NUM) | H157: =IFERROR(LEFT(G157, FIND(" ",G157)), "") -> RYX-02-020 | I157: {=IFERROR(INDEX(_xlfn.TEXTSPLIT(E157," "),1), "")} -> 73239990 | K157: {=IF(ISERROR(SEARCH("QTY:", G157)), IF(ISERROR(SEARCH("TOTAL ", G157)), Raw [1]Data!N157, TRIM(MID(G157, SEARCH("TOTAL ", G157)+6, SEARCH(" ", G157&" ", SEARCH("TOTAL ", G157)+6) - SEARCH("TOTAL ", G157) - 6))), TRIM(MID(G157, SEARCH("QTY:", G157)+4, SEARCH(" ", G157, SEARCH("QTY:", G157)+4) - SEARCH("QTY:", G157) - 4)))} -> #NAME? | M157: =K157 -> #NAME? | N157: =L157 -> 0 | O157: {=IF(ISERROR(SEARCH("USD ", G157)), Raw [1]Data!S157, TRIM(MID(G157, SEARCH("USD ", G157)+4, SEARCH(" ", G157&" ", SEARCH("USD ", G157)+4) - SEARCH("USD ", G157) - 4)))} -> #NAME? | P157: =O157*M157 -> #NAME? | Q157: {=Raw [1]Data!P157} -> #NAME? | R157: {=Raw [1]Data!Q157} -> #NAME? | S157: {=Raw [1]Data!T157} -> #NAME? | T157: =S157/M157 -> #NAME? | U157: =IF(R157<>0, (S157/R157)*100, 0) -> #NAME? | V157: =IF(OR(E157=73239990,E157=73231000,E157=73239390),"Steel","Other") -> Other
A158: INNSA1 | B158: 2024-11-27 | C158: =YEAR(B158) -> 2024 | D158: 0301049751 | E158: 73239990 | F158: =LEFT(E158,2) -> 73 | G158: GS-47 STEEL GIFT BOX HEART SHAPE (QTY:44280 PCS/USD 0.212 PER PCS) | H158: =IFERROR(LEFT(G158, FIND(" ",G158)), "") -> GS-47 | I158: {=IFERROR(INDEX(_xlfn.TEXTSPLIT(E158," "),1), "")} -> 73239990 | J158: QTY:44280 | K158: {=IF(ISERROR(SEARCH("QTY:", G158)), IF(ISERROR(SEARCH("TOTAL ", G158)), Raw [1]Data!N158, TRIM(MID(G158, SEARCH("TOTAL ", G158)+6, SEARCH(" ", G158&" ", SEARCH("TOTAL ", G158)+6) - SEARCH("TOTAL ", G158) - 6))), TRIM(MID(G158, SEARCH("QTY:", G158)+4, SEARCH(" ", G158, SEARCH("QTY:", G158)+4) - SEARCH("QTY:", G158) - 4)))} -> 44280 | M158: =K158 -> 44280 | N158: =L158 -> 0 | O158: {=IF(ISERROR(SEARCH("USD ", G158)), Raw [1]Data!S158, TRIM(MID(G158, SEARCH("USD ", G158)+4, SEARCH(" ", G158&" ", SEARCH("USD ", G158)+4) - SEARCH("USD ", G158) - 4)))} -> 0.212 | P158: =O158*M158 -> 9387.36 | Q158: {=Raw [1]Data!P158} -> #NAME? | R158: {=Raw [1]Data!Q158} -> #NAME? | S158: {=Raw [1]Data!T158} -> #NAME? | T158: =S158/M158 -> #NAME? | U158: =IF(R158<>0, (S158/R158)*100, 0) -> #NAME? | V158: =IF(OR(E158=73239990,E158=73231000,E158=73239390),"Steel","Other") -> Other
A159: INNSA1 | B159: 2024-11-27 | C159: =YEAR(B159) -> 2024 | D159: 0301049751 | E159: 73239990 | F159: =LEFT(E159,2) -> 73 | G159: GS-47 STEEL GIFT BOX HEART SHAPE (QTY:6120 PCS/UDS 0.211 PERPCS) | H159: =IFERROR(LEFT(G159, FIND(" ",G159)), "") -> GS-47 | I159: {=IFERROR(INDEX(_xlfn.TEXTSPLIT(E159," "),1), "")} -> 73239990 | J159: QTY:6120 | K159: {=IF(ISERROR(SEARCH("QTY:", G159)), IF(ISERROR(SEARCH("TOTAL ", G159)), Raw [1]Data!N159, TRIM(MID(G159, SEARCH("TOTAL ", G159)+6, SEARCH(" ", G159&" ", SEARCH("TOTAL ", G159)+6) - SEARCH("TOTAL ", G159) - 6))), TRIM(MID(G159, SEARCH("QTY:", G159)+4, SEARCH(" ", G159, SEARCH("QTY:", G159)+4) - SEARCH("QTY:", G159) - 4)))} -> 6120 | M159: =K159 -> 6120 | N159: =L159 -> 0 | O159: {=IF(ISERROR(SEARCH("USD ", G159)), Raw [1]Data!S159, TRIM(MID(G159, SEARCH("USD ", G159)+4, SEARCH(" ", G159&" ", SEARCH("USD ", G159)+4) - SEARCH("USD ", G159) - 4)))} -> #NAME? | P159: =O159*M159 -> #NAME? | Q159: {=Raw [1]Data!P159} -> #NAME? | R159: {=Raw [1]Data!Q159} -> #NAME? | S159: {=Raw [1]Data!T159} -> #NAME? | T159: =S159/M159 -> #NAME? | U159: =IF(R159<>0, (S159/R159)*100, 0) -> #NAME? | V159: =IF(OR(E159=73239990,E159=73231000,E159=73239390),"Steel","Other") -> Other
A160: INNSA1 | B160: 2024-11-19 | C160: =YEAR(B160) -> 2024 | D160: 0301049751 | E160: 73231000 | F160: =LEFT(E160,2) -> 73 | G160: SS SCRUBBER 3PCS SET (SS410) (QTY: 119160 SET/USD 0.16 PER SET) | H160: =IFERROR(LEFT(G160, FIND(" ",G160)), "") -> SS | I160: {=IFERROR(INDEX(_xlfn.TEXTSPLIT(E160," "),1), "")} -> 73231000 | J160: SS410) | K160: {=IF(ISERROR(SEARCH("QTY:", G160)), IF(ISERROR(SEARCH("TOTAL ", G160)), Raw [1]Data!N160, TRIM(MID(G160, SEARCH("TOTAL ", G160)+6, SEARCH(" ", G160&" ", SEARCH("TOTAL ", G160)+6) - SEARCH("TOTAL ", G160) - 6))), TRIM(MID(G160, SEARCH("QTY:", G160)+4, SEARCH(" ", G160, SEARCH("QTY:", G160)+4) - SEARCH("QTY:", G160) - 4)))} | M160: =K160 | N160: =L160 -> 0 | O160: {=IF(ISERROR(SEARCH("USD ", G160)), Raw [1]Data!S160, TRIM(MID(G160, SEARCH("USD ", G160)+4, SEARCH(" ", G160&" ", SEARCH("USD ", G160)+4) - SEARCH("USD ", G160) - 4)))} -> 0.16 | P160: =O160*M160 -> #VALUE! | Q160: {=Raw [1]Data!P160} -> #NAME? | R160: {=Raw [1]Data!Q160} -> #NAME? | S160: {=Raw [1]Data!T160} -> #NAME? | T160: =S160/M160 -> #NAME? | U160: =IF(R160<>0, (S160/R160)*100, 0) -> #NAME? | V160: =IF(OR(E160=73239990,E160=73231000,E160=73239390),"Steel","Other") -> Other
A161: INNSA1 | B161: 2024-11-12 | C161: =YEAR(B161) -> 2024 | D161: 0301049751 | E161: 73231000 | F161: =LEFT(E161,2) -> 73 | G161: STEEL SCRUBBER (8001-12) (QTY: 278640 NOS/USD 0.084 PER NOS) | H161: =IFERROR(LEFT(G161, FIND(" ",G161)), "") -> STEEL | I161: {=IFERROR(INDEX(_xlfn.TEXTSPLIT(E161," "),1), "")} -> 73231000 | K161: {=IF(ISERROR(SEARCH("QTY:", G161)), IF(ISERROR(SEARCH("TOTAL ", G161)), Raw [1]Data!N161, TRIM(MID(G161, SEARCH("TOTAL ", G161)+6, SEARCH(" ", G161&" ", SEARCH("TOTAL ", G161)+6) - SEARCH("TOTAL ", G161) - 6))), TRIM(MID(G161, SEARCH("QTY:", G161)+4, SEARCH(" ", G161, SEARCH("QTY:", G161)+4) - SEARCH("QTY:", G161) - 4)))} | M161: =K161 | N161: =L161 -> 0 | O161: {=IF(ISERROR(SEARCH("USD ", G161)), Raw [1]Data!S161, TRIM(MID(G161, SEARCH("USD ", G161)+4, SEARCH(" ", G161&" ", SEARCH("USD ", G161)+4) - SEARCH("USD ", G161) - 4)))} -> 0.084 | P161: =O161*M161 -> #VALUE! | Q161: {=Raw [1]Data!P161} -> #NAME? | R161: {=Raw [1]Data!Q161} -> #NAME? | S161: {=Raw [1]Data!T161} -> #NAME? | T161: =S161/M161 -> #NAME? | U161: =IF(R161<>0, (S161/R161)*100, 0) -> #NAME? | V161: =IF(OR(E161=73239990,E161=73231000,E161=73239390),"Steel","Other") -> Other
A162: INNSA1 | B162: 2024-11-12 | C162: =YEAR(B162) -> 2024 | D162: 0301049751 | E162: 73231000 | F162: =LEFT(E162,2) -> 73 | G162: STEEL SCRUBBER 2 PCS SET (8001-2) (QTY:168000 SETS/USD:0.148PER SET) | H162: =IFERROR(LEFT(G162, FIND(" ",G162)), "") -> STEEL | I162: {=IFERROR(INDEX(_xlfn.TEXTSPLIT(E162," "),1), "")} -> 73231000 | J162: 8001-2) | K162: {=IF(ISERROR(SEARCH("QTY:", G162)), IF(ISERROR(SEARCH("TOTAL ", G162)), Raw [1]Data!N162, TRIM(MID(G162, SEARCH("TOTAL ", G162)+6, SEARCH(" ", G162&" ", SEARCH("TOTAL ", G162)+6) - SEARCH("TOTAL ", G162) - 6))), TRIM(MID(G162, SEARCH("QTY:", G162)+4, SEARCH(" ", G162, SEARCH("QTY:", G162)+4) - SEARCH("QTY:", G162) - 4)))} -> 168000 | M162: =K162 -> 168000 | N162: =L162 -> 0 | O162: {=IF(ISERROR(SEARCH("USD ", G162)), Raw [1]Data!S162, TRIM(MID(G162, SEARCH("USD ", G162)+4, SEARCH(" ", G162&" ", SEARCH("USD ", G162)+4) - SEARCH("USD ", G162) - 4)))} -> #NAME? | P162: =O162*M162 -> #NAME? | Q162: {=Raw [1]Data!P162} -> #NAME? | R162: {=Raw [1]Data!Q162} -> #NAME? | S162: {=Raw [1]Data!T162} -> #NAME? | T162: =S162/M162 -> #NAME? | U162: =IF(R162<>0, (S162/R162)*100, 0) -> #NAME? | V162: =IF(OR(E162=73239990,E162=73231000,E162=73239390),"Steel","Other") -> Other
A163: INNSA1 | B163: 2024-11-05 | C163: =YEAR(B163) -> 2024 | D163: 0301049751 | E163: 73239990 | F163: =LEFT(E163,2) -> 73 | G163: HOUSEHOLD STEEL HOOK 3PCS SET (3888) (QTY: 181872 PCS / USD0.260 PER PCS) | H163: =IFERROR(LEFT(G163, FIND(" ",G163)), "") -> HOUSEHOLD | I163: {=IFERROR(INDEX(_xlfn.TEXTSPLIT(E163," "),1), "")} -> 73239990 | J163: 3888) | K163: {=IF(ISERROR(SEARCH("QTY:", G163)), IF(ISERROR(SEARCH("TOTAL ", G163)), Raw [1]Data!N163, TRIM(MID(G163, SEARCH("TOTAL ", G163)+6, SEARCH(" ", G163&" ", SEARCH("TOTAL ", G163)+6) - SEARCH("TOTAL ", G163) - 6))), TRIM(MID(G163, SEARCH("QTY:", G163)+4, SEARCH(" ", G163, SEARCH("QTY:", G163)+4) - SEARCH("QTY:", G163) - 4)))} | M163: =K163 | N163: =L163 -> 0 | O163: {=IF(ISERROR(SEARCH("USD ", G163)), Raw [1]Data!S163, TRIM(MID(G163, SEARCH("USD ", G163)+4, SEARCH(" ", G163&" ", SEARCH("USD ", G163)+4) - SEARCH("USD ", G163) - 4)))} -> #NAME? | P163: =O163*M163 -> #NAME? | Q163: {=Raw [1]Data!P163} -> #NAME? | R163: {=Raw [1]Data!Q163} -> #NAME? | S163: {=Raw [1]Data!T163} -> #NAME? | T163: =S163/M163 -> #NAME? | U163: =IF(R163<>0, (S163/R163)*100, 0) -> #NAME? | V163: =IF(OR(E163=73239990,E163=73231000,E163=73239390),"Steel","Other") -> Other
A164: INNSA1 | B164: 2024-11-05 | C164: =YEAR(B164) -> 2024 | D164: 0301049751 | E164: 73231000 | F164: =LEFT(E164,2) -> 73 | G164: STEEL SCRUBBER 6PCS SET (OKS-4156) (QTY: 98400 NOS /USD 0.238 PER NOS) | H164: =IFERROR(LEFT(G164, FIND(" ",G164)), "") -> STEEL | I164: {=IFERROR(INDEX(_xlfn.TEXTSPLIT(E164," "),1), "")} -> 73231000 | J164: OKS-4156) | K164: {=IF(ISERROR(SEARCH("QTY:", G164)), IF(ISERROR(SEARCH("TOTAL ", G164)), Raw [1]Data!N164, TRIM(MID(G164, SEARCH("TOTAL ", G164)+6, SEARCH(" ", G164&" ", SEARCH("TOTAL ", G164)+6) - SEARCH("TOTAL ", G164) - 6))), TRIM(MID(G164, SEARCH("QTY:", G164)+4, SEARCH(" ", G164, SEARCH("QTY:", G164)+4) - SEARCH("QTY:", G164) - 4)))} | M164: =K164 | N164: =L164 -> 0 | O164: {=IF(ISERROR(SEARCH("USD ", G164)), Raw [1]Data!S164, TRIM(MID(G164, SEARCH("USD ", G164)+4, SEARCH(" ", G164&" ", SEARCH("USD ", G164)+4) - SEARCH("USD ", G164) - 4)))} -> 0.238 | P164: =O164*M164 -> #VALUE! | Q164: {=Raw [1]Data!P164} -> #NAME? | R164: {=Raw [1]Data!Q164} -> #NAME? | S164: {=Raw [1]Data!T164} -> #NAME? | T164: =S164/M164 -> #NAME? | U164: =IF(R164<>0, (S164/R164)*100, 0) -> #NAME? | V164: =IF(OR(E164=73239990,E164=73231000,E164=73239390),"Steel","Other") -> Other
A165: INNSA1 | B165: 2024-10-30 | C165: =YEAR(B165) -> 2024 | D165: 0301049751 | E165: 73239990 | F165: =LEFT(E165,2) -> 73 | G165: MILD STEEL MULTI FUNCTION CLOTH STAND (RYX-02-020) (QTY: 1232 NOS/CNY 101 PER NOS) | H165: =IFERROR(LEFT(G165, FIND(" ",G165)), "") -> MILD | I165: {=IFERROR(INDEX(_xlfn.TEXTSPLIT(E165," "),1), "")} -> 73239990 | K165: {=IF(ISERROR(SEARCH("QTY:", G165)), IF(ISERROR(SEARCH("TOTAL ", G165)), Raw [1]Data!N165, TRIM(MID(G165, SEARCH("TOTAL ", G165)+6, SEARCH(" ", G165&" ", SEARCH("TOTAL ", G165)+6) - SEARCH("TOTAL ", G165) - 6))), TRIM(MID(G165, SEARCH("QTY:", G165)+4, SEARCH(" ", G165, SEARCH("QTY:", G165)+4) - SEARCH("QTY:", G165) - 4)))} | M165: =K165 | N165: =L165 -> 0 | O165: {=IF(ISERROR(SEARCH("USD ", G165)), Raw [1]Data!S165, TRIM(MID(G165, SEARCH("USD ", G165)+4, SEARCH(" ", G165&" ", SEARCH("USD ", G165)+4) - SEARCH("USD ", G165) - 4)))} -> #NAME? | P165: =O165*M165 -> #NAME? | Q165: {=Raw [1]Data!P165} -> #NAME? | R165: {=Raw [1]Data!Q165} -> #NAME? | S165: {=Raw [1]Data!T165} -> #NAME? | T165: =S165/M165 -> #NAME? | U165: =IF(R165<>0, (S165/R165)*100, 0) -> #NAME? | V165: =IF(OR(E165=73239990,E165=73231000,E165=73239390),"Steel","Other") -> Other
A166: INNSA1 | B166: 2024-10-22 | C166: =YEAR(B166) -> 2024 | D166: 0301049751 | E166: 73239990 | F166: =LEFT(E166,2) -> 73 | G166: MILD STEEL MULTI FUNCTION CLOTH STAND (RYX-02-021A) (QTY: 3888 NOS/CNY 61.50 PER NOS) | H166: =IFERROR(LEFT(G166, FIND(" ",G166)), "") -> MILD | I166: {=IFERROR(INDEX(_xlfn.TEXTSPLIT(E166," "),1), "")} -> 73239990 | K166: {=IF(ISERROR(SEARCH("QTY:", G166)), IF(ISERROR(SEARCH("TOTAL ", G166)), Raw [1]Data!N166, TRIM(MID(G166, SEARCH("TOTAL ", G166)+6, SEARCH(" ", G166&" ", SEARCH("TOTAL ", G166)+6) - SEARCH("TOTAL ", G166) - 6))), TRIM(MID(G166, SEARCH("QTY:", G166)+4, SEARCH(" ", G166, SEARCH("QTY:", G166)+4) - SEARCH("QTY:", G166) - 4)))} | M166: =K166 | N166: =L166 -> 0 | O166: {=IF(ISERROR(SEARCH("USD ", G166)), Raw [1]Data!S166, TRIM(MID(G166, SEARCH("USD ", G166)+4, SEARCH(" ", G166&" ", SEARCH("USD ", G166)+4) - SEARCH("USD ", G166) - 4)))} -> #NAME? | P166: =O166*M166 -> #NAME? | Q166: {=Raw [1]Data!P166} -> #NAME? | R166: {=Raw [1]Data!Q166} -> #NAME? | S166: {=Raw [1]Data!T166} -> #NAME? | T166: =S166/M166 -> #NAME? | U166: =IF(R166<>0, (S166/R166)*100, 0) -> #NAME? | V166: =IF(OR(E166=73239990,E166=73231000,E166=73239390),"Steel","Other") -> Other
A167: INNSA1 | B167: 2024-10-18 | C167: =YEAR(B167) -> 2024 | D167: 0301049751 | E167: 73239990 | F167: =LEFT(E167,2) -> 73 | G167: HOUSEHOLD STEEL HOOK 3PCS SET (3888) (QTY: 30288 SET/USD 0.26PER SET) | H167: =IFERROR(LEFT(G167, FIND(" ",G167)), "") -> HOUSEHOLD | I167: {=IFERROR(INDEX(_xlfn.TEXTSPLIT(E167," "),1), "")} -> 73239990 | J167: 3888) | K167: {=IF(ISERROR(SEARCH("QTY:", G167)), IF(ISERROR(SEARCH("TOTAL ", G167)), Raw [1]Data!N167, TRIM(MID(G167, SEARCH("TOTAL ", G167)+6, SEARCH(" ", G167&" ", SEARCH("TOTAL ", G167)+6) - SEARCH("TOTAL ", G167) - 6))), TRIM(MID(G167, SEARCH("QTY:", G167)+4, SEARCH(" ", G167, SEARCH("QTY:", G167)+4) - SEARCH("QTY:", G167) - 4)))} | M167: =K167 | N167: =L167 -> 0 | O167: {=IF(ISERROR(SEARCH("USD ", G167)), Raw [1]Data!S167, TRIM(MID(G167, SEARCH("USD ", G167)+4, SEARCH(" ", G167&" ", SEARCH("USD ", G167)+4) - SEARCH("USD ", G167) - 4)))} -> 0.26PER | P167: =O167*M167 -> #VALUE! | Q167: {=Raw [1]Data!P167} -> #NAME? | R167: {=Raw [1]Data!Q167} -> #NAME? | S167: {=Raw [1]Data!T167} -> #NAME? | T167: =S167/M167 -> #NAME? | U167: =IF(R167<>0, (S167/R167)*100, 0) -> #NAME? | V167: =IF(OR(E167=73239990,E167=73231000,E167=73239390),"Steel","Other") -> Other
A168: INNSA1 | B168: 2024-10-16 | C168: =YEAR(B168) -> 2024 | D168: 0301049751 | E168: 73231000 | F168: =LEFT(E168,2) -> 73 | G168: STEEL SCRUBBER 2PCS SET (8001-2) (QTY: 168000 NOS /USD 0.148PER NOS) | H168: =IFERROR(LEFT(G168, FIND(" ",G168)), "") -> STEEL | I168: {=IFERROR(INDEX(_xlfn.TEXTSPLIT(E168," "),1), "")} -> 73231000 | J168: 8001-2) | K168: {=IF(ISERROR(SEARCH("QTY:", G168)), IF(ISERROR(SEARCH("TOTAL ", G168)), Raw [1]Data!N168, TRIM(MID(G168, SEARCH("TOTAL ", G168)+6, SEARCH(" ", G168&" ", SEARCH("TOTAL ", G168)+6) - SEARCH("TOTAL ", G168) - 6))), TRIM(MID(G168, SEARCH("QTY:", G168)+4, SEARCH(" ", G168, SEARCH("QTY:", G168)+4) - SEARCH("QTY:", G168) - 4)))} | M168: =K168 | N168: =L168 -> 0 | O168: {=IF(ISERROR(SEARCH("USD ", G168)), Raw [1]Data!S168, TRIM(MID(G168, SEARCH("USD ", G168)+4, SEARCH(" ", G168&" ", SEARCH("USD ", G168)+4) - SEARCH("USD ", G168) - 4)))} -> 0.148PER | P168: =O168*M168 -> #VALUE! | Q168: {=Raw [1]Data!P168} -> #NAME? | R168: {=Raw [1]Data!Q168} -> #NAME? | S168: {=Raw [1]Data!T168} -> #NAME? | T168: =S168/M168 -> #NAME? | U168: =IF(R168<>0, (S168/R168)*100, 0) -> #NAME? | V168: =IF(OR(E168=73239990,E168=73231000,E168=73239390),"Steel","Other") -> Other
A169: INNSA1 | B169: 2024-10-14 | C169: =YEAR(B169) -> 2024 | D169: 0301049751 | E169: 73231000 | F169: =LEFT(E169,2) -> 73 | G169: STEEL SCRUBBER 6PCS SET (OKS-4156) (QTY: 98400 SET/USD 0.238PER SET) | H169: =IFERROR(LEFT(G169, FIND(" ",G169)), "") -> STEEL | I169: {=IFERROR(INDEX(_xlfn.TEXTSPLIT(E169," "),1), "")} -> 73231000 | J169: OKS-4156) | K169: {=IF(ISERROR(SEARCH("QTY:", G169)), IF(ISERROR(SEARCH("TOTAL ", G169)), Raw [1]Data!N169, TRIM(MID(G169, SEARCH("TOTAL ", G169)+6, SEARCH(" ", G169&" ", SEARCH("TOTAL ", G169)+6) - SEARCH("TOTAL ", G169) - 6))), TRIM(MID(G169, SEARCH("QTY:", G169)+4, SEARCH(" ", G169, SEARCH("QTY:", G169)+4) - SEARCH("QTY:", G169) - 4)))} | M169: =K169 | N169: =L169 -> 0 | O169: {=IF(ISERROR(SEARCH("USD ", G169)), Raw [1]Data!S169, TRIM(MID(G169, SEARCH("USD ", G169)+4, SEARCH(" ", G169&" ", SEARCH("USD ", G169)+4) - SEARCH("USD ", G169) - 4)))} -> 0.238PER | P169: =O169*M169 -> #VALUE! | Q169: {=Raw [1]Data!P169} -> #NAME? | R169: {=Raw [1]Data!Q169} -> #NAME? | S169: {=Raw [1]Data!T169} -> #NAME? | T169: =S169/M169 -> #NAME? | U169: =IF(R169<>0, (S169/R169)*100, 0) -> #NAME? | V169: =IF(OR(E169=73239990,E169=73231000,E169=73239390),"Steel","Other") -> Other
A170: INNSA1 | B170: 2024-10-13 | C170: =YEAR(B170) -> 2024 | D170: 0301049751 | E170: 73239990 | F170: =LEFT(E170,2) -> 73 | G170: MILD STEEL MULTI FUNCTION CLOTH STAND (RYX-02-020) (QTY:1232NOS / CNY 101.00 PER NOS) | H170: =IFERROR(LEFT(G170, FIND(" ",G170)), "") -> MILD | I170: {=IFERROR(INDEX(_xlfn.TEXTSPLIT(E170," "),1), "")} -> 73239990 | K170: {=IF(ISERROR(SEARCH("QTY:", G170)), IF(ISERROR(SEARCH("TOTAL ", G170)), Raw [1]Data!N170, TRIM(MID(G170, SEARCH("TOTAL ", G170)+6, SEARCH(" ", G170&" ", SEARCH("TOTAL ", G170)+6) - SEARCH("TOTAL ", G170) - 6))), TRIM(MID(G170, SEARCH("QTY:", G170)+4, SEARCH(" ", G170, SEARCH("QTY:", G170)+4) - SEARCH("QTY:", G170) - 4)))} -> 1232NOS | M170: =K170 -> 1232NOS | N170: =L170 -> 0 | O170: {=IF(ISERROR(SEARCH("USD ", G170)), Raw [1]Data!S170, TRIM(MID(G170, SEARCH("USD ", G170)+4, SEARCH(" ", G170&" ", SEARCH("USD ", G170)+4) - SEARCH("USD ", G170) - 4)))} -> #NAME? | P170: =O170*M170 -> #NAME? | Q170: {=Raw [1]Data!P170} -> #NAME? | R170: {=Raw [1]Data!Q170} -> #NAME? | S170: {=Raw [1]Data!T170} -> #NAME? | T170: =S170/M170 -> #NAME? | U170: =IF(R170<>0, (S170/R170)*100, 0) -> #NAME? | V170: =IF(OR(E170=73239990,E170=73231000,E170=73239390),"Steel","Other") -> Other
A171: INNSA1 | B171: 2024-10-08 | C171: =YEAR(B171) -> 2024 | D171: 0301049751 | E171: 73239990 | F171: =LEFT(E171,2) -> 73 | G171: HOUSEHOLD STEEL HOOK 2PCS SET (2758) (QTY: 2400 SET/USD 0.265 PER SET) | H171: =IFERROR(LEFT(G171, FIND(" ",G171)), "") -> HOUSEHOLD | I171: {=IFERROR(INDEX(_xlfn.TEXTSPLIT(E171," "),1), "")} -> 73239990 | J171: 2758) | K171: {=IF(ISERROR(SEARCH("QTY:", G171)), IF(ISERROR(SEARCH("TOTAL ", G171)), Raw [1]Data!N171, TRIM(MID(G171, SEARCH("TOTAL ", G171)+6, SEARCH(" ", G171&" ", SEARCH("TOTAL ", G171)+6) - SEARCH("TOTAL ", G171) - 6))), TRIM(MID(G171, SEARCH("QTY:", G171)+4, SEARCH(" ", G171, SEARCH("QTY:", G171)+4) - SEARCH("QTY:", G171) - 4)))} | M171: =K171 | N171: =L171 -> 0 | O171: {=IF(ISERROR(SEARCH("USD ", G171)), Raw [1]Data!S171, TRIM(MID(G171, SEARCH("USD ", G171)+4, SEARCH(" ", G171&" ", SEARCH("USD ", G171)+4) - SEARCH("USD ", G171) - 4)))} -> 0.265 | P171: =O171*M171 -> #VALUE! | Q171: {=Raw [1]Data!P171} -> #NAME? | R171: {=Raw [1]Data!Q171} -> #NAME? | S171: {=Raw [1]Data!T171} -> #NAME? | T171: =S171/M171 -> #NAME? | U171: =IF(R171<>0, (S171/R171)*100, 0) -> #NAME? | V171: =IF(OR(E171=73239990,E171=73231000,E171=73239390),"Steel","Other") -> Other
A172: INNSA1 | B172: 2024-10-05 | C172: =YEAR(B172) -> 2024 | D172: 0301049751 | E172: 73239990 | F172: =LEFT(E172,2) -> 73 | G172: RYX-02-020 MILD STEEL MULTI FUNCTION CLOTH STAND (QTY :1232NUM/CNY 101.00 PER NUM) | H172: =IFERROR(LEFT(G172, FIND(" ",G172)), "") -> RYX-02-020 | I172: {=IFERROR(INDEX(_xlfn.TEXTSPLIT(E172," "),1), "")} -> 73239990 | K172: {=IF(ISERROR(SEARCH("QTY:", G172)), IF(ISERROR(SEARCH("TOTAL ", G172)), Raw [1]Data!N172, TRIM(MID(G172, SEARCH("TOTAL ", G172)+6, SEARCH(" ", G172&" ", SEARCH("TOTAL ", G172)+6) - SEARCH("TOTAL ", G172) - 6))), TRIM(MID(G172, SEARCH("QTY:", G172)+4, SEARCH(" ", G172, SEARCH("QTY:", G172)+4) - SEARCH("QTY:", G172) - 4)))} -> #NAME? | M172: =K172 -> #NAME? | N172: =L172 -> 0 | O172: {=IF(ISERROR(SEARCH("USD ", G172)), Raw [1]Data!S172, TRIM(MID(G172, SEARCH("USD ", G172)+4, SEARCH(" ", G172&" ", SEARCH("USD ", G172)+4) - SEARCH("USD ", G172) - 4)))} -> #NAME? | P172: =O172*M172 -> #NAME? | Q172: {=Raw [1]Data!P172} -> #NAME? | R172: {=Raw [1]Data!Q172} -> #NAME? | S172: {=Raw [1]Data!T172} -> #NAME? | T172: =S172/M172 -> #NAME? | U172: =IF(R172<>0, (S172/R172)*100, 0) -> #NAME? | V172: =IF(OR(E172=73239990,E172=73231000,E172=73239390),"Steel","Other") -> Other
A173: INNSA1 | B173: 2024-10-01 | C173: =YEAR(B173) -> 2024 | D173: 0301049751 | E173: 73231000 | F173: =LEFT(E173,2) -> 73 | G173: STEEL SCRUBBER 6PCS SET (OKS-4156) (QTY: 89160 SET/USD 0.238PER SET) | H173: =IFERROR(LEFT(G173, FIND(" ",G173)), "") -> STEEL | I173: {=IFERROR(INDEX(_xlfn.TEXTSPLIT(E173," "),1), "")} -> 73231000 | J173: OKS-4156) | K173: {=IF(ISERROR(SEARCH("QTY:", G173)), IF(ISERROR(SEARCH("TOTAL ", G173)), Raw [1]Data!N173, TRIM(MID(G173, SEARCH("TOTAL ", G173)+6, SEARCH(" ", G173&" ", SEARCH("TOTAL ", G173)+6) - SEARCH("TOTAL ", G173) - 6))), TRIM(MID(G173, SEARCH("QTY:", G173)+4, SEARCH(" ", G173, SEARCH("QTY:", G173)+4) - SEARCH("QTY:", G173) - 4)))} | M173: =K173 | N173: =L173 -> 0 | O173: {=IF(ISERROR(SEARCH("USD ", G173)), Raw [1]Data!S173, TRIM(MID(G173, SEARCH("USD ", G173)+4, SEARCH(" ", G173&" ", SEARCH("USD ", G173)+4) - SEARCH("USD ", G173) - 4)))} -> 0.238PER | P173: =O173*M173 -> #VALUE! | Q173: {=Raw [1]Data!P173} -> #NAME? | R173: {=Raw [1]Data!Q173} -> #NAME? | S173: {=Raw [1]Data!T173} -> #NAME? | T173: =S173/M173 -> #NAME? | U173: =IF(R173<>0, (S173/R173)*100, 0) -> #NAME? | V173: =IF(OR(E173=73239990,E173=73231000,E173=73239390),"Steel","Other") -> Other
A174: INNSA1 | B174: 2024-09-28 | C174: =YEAR(B174) -> 2024 | D174: 0301049751 | E174: 73239990 | F174: =LEFT(E174,2) -> 73 | G174: RYX-02-026-3S MILD STEEL MULTI FUNCTION CLOTH STAND (QTY :848 NUM/CNY 82.00 PER NUM) | H174: =IFERROR(LEFT(G174, FIND(" ",G174)), "") -> RYX-02-026-3S | I174: {=IFERROR(INDEX(_xlfn.TEXTSPLIT(E174," "),1), "")} -> 73239990 | K174: {=IF(ISERROR(SEARCH("QTY:", G174)), IF(ISERROR(SEARCH("TOTAL ", G174)), Raw [1]Data!N174, TRIM(MID(G174, SEARCH("TOTAL ", G174)+6, SEARCH(" ", G174&" ", SEARCH("TOTAL ", G174)+6) - SEARCH("TOTAL ", G174) - 6))), TRIM(MID(G174, SEARCH("QTY:", G174)+4, SEARCH(" ", G174, SEARCH("QTY:", G174)+4) - SEARCH("QTY:", G174) - 4)))} -> #NAME? | M174: =K174 -> #NAME? | N174: =L174 -> 0 | O174: {=IF(ISERROR(SEARCH("USD ", G174)), Raw [1]Data!S174, TRIM(MID(G174, SEARCH("USD ", G174)+4, SEARCH(" ", G174&" ", SEARCH("USD ", G174)+4) - SEARCH("USD ", G174) - 4)))} -> #NAME? | P174: =O174*M174 -> #NAME? | Q174: {=Raw [1]Data!P174} -> #NAME? | R174: {=Raw [1]Data!Q174} -> #NAME? | S174: {=Raw [1]Data!T174} -> #NAME? | T174: =S174/M174 -> #NAME? | U174: =IF(R174<>0, (S174/R174)*100, 0) -> #NAME? | V174: =IF(OR(E174=73239990,E174=73231000,E174=73239390),"Steel","Other") -> Other
A175: INNSA1 | B175: 2024-09-28 | C175: =YEAR(B175) -> 2024 | D175: 0301049751 | E175: 73239990 | F175: =LEFT(E175,2) -> 73 | G175: RYX-02-021A MILD STEEL MULTI FUNCTION CLOTH STAND (QTY :3888NUM/CNY 61.50 PER NUM) | H175: =IFERROR(LEFT(G175, FIND(" ",G175)), "") -> RYX-02-021A | I175: {=IFERROR(INDEX(_xlfn.TEXTSPLIT(E175," "),1), "")} -> 73239990 | K175: {=IF(ISERROR(SEARCH("QTY:", G175)), IF(ISERROR(SEARCH("TOTAL ", G175)), Raw [1]Data!N175, TRIM(MID(G175, SEARCH("TOTAL ", G175)+6, SEARCH(" ", G175&" ", SEARCH("TOTAL ", G175)+6) - SEARCH("TOTAL ", G175) - 6))), TRIM(MID(G175, SEARCH("QTY:", G175)+4, SEARCH(" ", G175, SEARCH("QTY:", G175)+4) - SEARCH("QTY:", G175) - 4)))} -> #NAME? | M175: =K175 -> #NAME? | N175: =L175 -> 0 | O175: {=IF(ISERROR(SEARCH("USD ", G175)), Raw [1]Data!S175, TRIM(MID(G175, SEARCH("USD ", G175)+4, SEARCH(" ", G175&" ", SEARCH("USD ", G175)+4) - SEARCH("USD ", G175) - 4)))} -> #NAME? | P175: =O175*M175 -> #NAME? | Q175: {=Raw [1]Data!P175} -> #NAME? | R175: {=Raw [1]Data!Q175} -> #NAME? | S175: {=Raw [1]Data!T175} -> #NAME? | T175: =S175/M175 -> #NAME? | U175: =IF(R175<>0, (S175/R175)*100, 0) -> #NAME? | V175: =IF(OR(E175=73239990,E175=73231000,E175=73239390),"Steel","Other") -> Other
A176: INNSA1 | B176: 2024-09-25 | C176: =YEAR(B176) -> 2024 | D176: 0301049751 | E176: 73239990 | F176: =LEFT(E176,2) -> 73 | G176: RYX-02-020 MILD STEEL MULTI FUNCTION CLOTH STAND (QTY :1232NUM/CNY 101.00 PER NUM) | H176: =IFERROR(LEFT(G176, FIND(" ",G176)), "") -> RYX-02-020 | I176: {=IFERROR(INDEX(_xlfn.TEXTSPLIT(E176," "),1), "")} -> 73239990 | K176: {=IF(ISERROR(SEARCH("QTY:", G176)), IF(ISERROR(SEARCH("TOTAL ", G176)), Raw [1]Data!N176, TRIM(MID(G176, SEARCH("TOTAL ", G176)+6, SEARCH(" ", G176&" ", SEARCH("TOTAL ", G176)+6) - SEARCH("TOTAL ", G176) - 6))), TRIM(MID(G176, SEARCH("QTY:", G176)+4, SEARCH(" ", G176, SEARCH("QTY:", G176)+4) - SEARCH("QTY:", G176) - 4)))} -> #NAME? | M176: =K176 -> #NAME? | N176: =L176 -> 0 | O176: {=IF(ISERROR(SEARCH("USD ", G176)), Raw [1]Data!S176, TRIM(MID(G176, SEARCH("USD ", G176)+4, SEARCH(" ", G176&" ", SEARCH("USD ", G176)+4) - SEARCH("USD ", G176) - 4)))} -> #NAME? | P176: =O176*M176 -> #NAME? | Q176: {=Raw [1]Data!P176} -> #NAME? | R176: {=Raw [1]Data!Q176} -> #NAME? | S176: {=Raw [1]Data!T176} -> #NAME? | T176: =S176/M176 -> #NAME? | U176: =IF(R176<>0, (S176/R176)*100, 0) -> #NAME? | V176: =IF(OR(E176=73239990,E176=73231000,E176=73239390),"Steel","Other") -> Other
A177: INNSA1 | B177: 2024-09-11 | C177: =YEAR(B177) -> 2024 | D177: 0301049751 | E177: 73231000 | F177: =LEFT(E177,2) -> 73 | G177: STEEL WIRE CLEANING CLOTH 3PCS SET (AM-793) (QTY: 1250 SET /USD 0.184 PER SET) | H177: =IFERROR(LEFT(G177, FIND(" ",G177)), "") -> STEEL | I177: {=IFERROR(INDEX(_xlfn.TEXTSPLIT(E177," "),1), "")} -> 73231000 | J177: AM-793) | K177: {=IF(ISERROR(SEARCH("QTY:", G177)), IF(ISERROR(SEARCH("TOTAL ", G177)), Raw [1]Data!N177, TRIM(MID(G177, SEARCH("TOTAL ", G177)+6, SEARCH(" ", G177&" ", SEARCH("TOTAL ", G177)+6) - SEARCH("TOTAL ", G177) - 6))), TRIM(MID(G177, SEARCH("QTY:", G177)+4, SEARCH(" ", G177, SEARCH("QTY:", G177)+4) - SEARCH("QTY:", G177) - 4)))} | M177: =K177 | N177: =L177 -> 0 | O177: {=IF(ISERROR(SEARCH("USD ", G177)), Raw [1]Data!S177, TRIM(MID(G177, SEARCH("USD ", G177)+4, SEARCH(" ", G177&" ", SEARCH("USD ", G177)+4) - SEARCH("USD ", G177) - 4)))} -> 0.184 | P177: =O177*M177 -> #VALUE! | Q177: {=Raw [1]Data!P177} -> #NAME? | R177: {=Raw [1]Data!Q177} -> #NAME? | S177: {=Raw [1]Data!T177} -> #NAME? | T177: =S177/M177 -> #NAME? | U177: =IF(R177<>0, (S177/R177)*100, 0) -> #NAME? | V177: =IF(OR(E177=73239990,E177=73231000,E177=73239390),"Steel","Other") -> Other
A178: INNSA1 | B178: 2024-09-06 | C178: =YEAR(B178) -> 2024 | D178: 0301049751 | E178: 73239990 | F178: =LEFT(E178,2) -> 73 | G178: RYX-02-020 MILD STEEL MULTI FUNCTION CLOTH STAND (QTY :2464NUM/CNY 101.00 PER NUM) | H178: =IFERROR(LEFT(G178, FIND(" ",G178)), "") -> RYX-02-020 | I178: {=IFERROR(INDEX(_xlfn.TEXTSPLIT(E178," "),1), "")} -> 73239990 | K178: {=IF(ISERROR(SEARCH("QTY:", G178)), IF(ISERROR(SEARCH("TOTAL ", G178)), Raw [1]Data!N178, TRIM(MID(G178, SEARCH("TOTAL ", G178)+6, SEARCH(" ", G178&" ", SEARCH("TOTAL ", G178)+6) - SEARCH("TOTAL ", G178) - 6))), TRIM(MID(G178, SEARCH("QTY:", G178)+4, SEARCH(" ", G178, SEARCH("QTY:", G178)+4) - SEARCH("QTY:", G178) - 4)))} -> #NAME? | M178: =K178 -> #NAME? | N178: =L178 -> 0 | O178: {=IF(ISERROR(SEARCH("USD ", G178)), Raw [1]Data!S178, TRIM(MID(G178, SEARCH("USD ", G178)+4, SEARCH(" ", G178&" ", SEARCH("USD ", G178)+4) - SEARCH("USD ", G178) - 4)))} -> #NAME? | P178: =O178*M178 -> #NAME? | Q178: {=Raw [1]Data!P178} -> #NAME? | R178: {=Raw [1]Data!Q178} -> #NAME? | S178: {=Raw [1]Data!T178} -> #NAME? | T178: =S178/M178 -> #NAME? | U178: =IF(R178<>0, (S178/R178)*100, 0) -> #NAME? | V178: =IF(OR(E178=73239990,E178=73231000,E178=73239390),"Steel","Other") -> Other
A179: INNSA1 | B179: 2024-09-05 | C179: =YEAR(B179) -> 2024 | D179: 0301049751 | E179: 73231000 | F179: =LEFT(E179,2) -> 73 | G179: SS SCRUBBER 3PCS SET (SS410) (QTY: 118680 SET/USD 0.16 PER SET) | H179: =IFERROR(LEFT(G179, FIND(" ",G179)), "") -> SS | I179: {=IFERROR(INDEX(_xlfn.TEXTSPLIT(E179," "),1), "")} -> 73231000 | J179: SS410) | K179: {=IF(ISERROR(SEARCH("QTY:", G179)), IF(ISERROR(SEARCH("TOTAL ", G179)), Raw [1]Data!N179, TRIM(MID(G179, SEARCH("TOTAL ", G179)+6, SEARCH(" ", G179&" ", SEARCH("TOTAL ", G179)+6) - SEARCH("TOTAL ", G179) - 6))), TRIM(MID(G179, SEARCH("QTY:", G179)+4, SEARCH(" ", G179, SEARCH("QTY:", G179)+4) - SEARCH("QTY:", G179) - 4)))} | M179: =K179 | N179: =L179 -> 0 | O179: {=IF(ISERROR(SEARCH("USD ", G179)), Raw [1]Data!S179, TRIM(MID(G179, SEARCH("USD ", G179)+4, SEARCH(" ", G179&" ", SEARCH("USD ", G179)+4) - SEARCH("USD ", G179) - 4)))} -> 0.16 | P179: =O179*M179 -> #VALUE! | Q179: {=Raw [1]Data!P179} -> #NAME? | R179: {=Raw [1]Data!Q179} -> #NAME? | S179: {=Raw [1]Data!T179} -> #NAME? | T179: =S179/M179 -> #NAME? | U179: =IF(R179<>0, (S179/R179)*100, 0) -> #NAME? | V179: =IF(OR(E179=73239990,E179=73231000,E179=73239390),"Steel","Other") -> Other
A180: INNSA1 | B180: 2024-09-03 | C180: =YEAR(B180) -> 2024 | D180: 0301049751 | E180: 73231000 | F180: =LEFT(E180,2) -> 73 | G180: STEEL SCRUBBER 6PCS SET (OKS-4156) (QTY: 98400 SET/USD 0.238 PER SET) | H180: =IFERROR(LEFT(G180, FIND(" ",G180)), "") -> STEEL | I180: {=IFERROR(INDEX(_xlfn.TEXTSPLIT(E180," "),1), "")} -> 73231000 | J180: OKS-4156) | K180: {=IF(ISERROR(SEARCH("QTY:", G180)), IF(ISERROR(SEARCH("TOTAL ", G180)), Raw [1]Data!N180, TRIM(MID(G180, SEARCH("TOTAL ", G180)+6, SEARCH(" ", G180&" ", SEARCH("TOTAL ", G180)+6) - SEARCH("TOTAL ", G180) - 6))), TRIM(MID(G180, SEARCH("QTY:", G180)+4, SEARCH(" ", G180, SEARCH("QTY:", G180)+4) - SEARCH("QTY:", G180) - 4)))} | M180: =K180 | N180: =L180 -> 0 | O180: {=IF(ISERROR(SEARCH("USD ", G180)), Raw [1]Data!S180, TRIM(MID(G180, SEARCH("USD ", G180)+4, SEARCH(" ", G180&" ", SEARCH("USD ", G180)+4) - SEARCH("USD ", G180) - 4)))} -> 0.238 | P180: =O180*M180 -> #VALUE! | Q180: {=Raw [1]Data!P180} -> #NAME? | R180: {=Raw [1]Data!Q180} -> #NAME? | S180: {=Raw [1]Data!T180} -> #NAME? | T180: =S180/M180 -> #NAME? | U180: =IF(R180<>0, (S180/R180)*100, 0) -> #NAME? | V180: =IF(OR(E180=73239990,E180=73231000,E180=73239390),"Steel","Other") -> Other
A181: INNSA1 | B181: 2024-08-29 | C181: =YEAR(B181) -> 2024 | D181: 0301049751 | E181: 73239990 | F181: =LEFT(E181,2) -> 73 | G181: AM-625 STEEL HANGER (QTY:10500 PCS/USD 0.5610 PER PCS) | H181: =IFERROR(LEFT(G181, FIND(" ",G181)), "") -> AM-625 | I181: {=IFERROR(INDEX(_xlfn.TEXTSPLIT(E181," "),1), "")} -> 73239990 | K181: {=IF(ISERROR(SEARCH("QTY:", G181)), IF(ISERROR(SEARCH("TOTAL ", G181)), Raw [1]Data!N181, TRIM(MID(G181, SEARCH("TOTAL ", G181)+6, SEARCH(" ", G181&" ", SEARCH("TOTAL ", G181)+6) - SEARCH("TOTAL ", G181) - 6))), TRIM(MID(G181, SEARCH("QTY:", G181)+4, SEARCH(" ", G181, SEARCH("QTY:", G181)+4) - SEARCH("QTY:", G181) - 4)))} -> 10500 | M181: =K181 -> 10500 | N181: =L181 -> 0 | O181: {=IF(ISERROR(SEARCH("USD ", G181)), Raw [1]Data!S181, TRIM(MID(G181, SEARCH("USD ", G181)+4, SEARCH(" ", G181&" ", SEARCH("USD ", G181)+4) - SEARCH("USD ", G181) - 4)))} -> 0.5610 | P181: =O181*M181 -> 5890.5 | Q181: {=Raw [1]Data!P181} -> #NAME? | R181: {=Raw [1]Data!Q181} -> #NAME? | S181: {=Raw [1]Data!T181} -> #NAME? | T181: =S181/M181 -> #NAME? | U181: =IF(R181<>0, (S181/R181)*100, 0) -> #NAME? | V181: =IF(OR(E181=73239990,E181=73231000,E181=73239390),"Steel","Other") -> Other
A182: INNSA1 | B182: 2024-08-26 | C182: =YEAR(B182) -> 2024 | D182: 0301049751 | E182: 73239990 | F182: =LEFT(E182,2) -> 73 | G182: RYX-02-020 MILD STEEL MULTI FUNCTION CLOTH STAND (QTY :1232NUM/CNY 101.00 PER NUM) | H182: =IFERROR(LEFT(G182, FIND(" ",G182)), "") -> RYX-02-020 | I182: {=IFERROR(INDEX(_xlfn.TEXTSPLIT(E182," "),1), "")} -> 73239990 | K182: {=IF(ISERROR(SEARCH("QTY:", G182)), IF(ISERROR(SEARCH("TOTAL ", G182)), Raw [1]Data!N182, TRIM(MID(G182, SEARCH("TOTAL ", G182)+6, SEARCH(" ", G182&" ", SEARCH("TOTAL ", G182)+6) - SEARCH("TOTAL ", G182) - 6))), TRIM(MID(G182, SEARCH("QTY:", G182)+4, SEARCH(" ", G182, SEARCH("QTY:", G182)+4) - SEARCH("QTY:", G182) - 4)))} -> #NAME? | M182: =K182 -> #NAME? | N182: =L182 -> 0 | O182: {=IF(ISERROR(SEARCH("USD ", G182)), Raw [1]Data!S182, TRIM(MID(G182, SEARCH("USD ", G182)+4, SEARCH(" ", G182&" ", SEARCH("USD ", G182)+4) - SEARCH("USD ", G182) - 4)))} -> #NAME? | P182: =O182*M182 -> #NAME? | Q182: {=Raw [1]Data!P182} -> #NAME? | R182: {=Raw [1]Data!Q182} -> #NAME? | S182: {=Raw [1]Data!T182} -> #NAME? | T182: =S182/M182 -> #NAME? | U182: =IF(R182<>0, (S182/R182)*100, 0) -> #NAME? | V182: =IF(OR(E182=73239990,E182=73231000,E182=73239390),"Steel","Other") -> Other
A183: INNSA1 | B183: 2024-08-26 | C183: =YEAR(B183) -> 2024 | D183: 0301049751 | E183: 73239990 | F183: =LEFT(E183,2) -> 73 | G183: RYX-02-021A MILD STEEL MULTI FUNCTION CLOTH STAND (QTY :3888NUM/CNY 61.50 PER NUM) | H183: =IFERROR(LEFT(G183, FIND(" ",G183)), "") -> RYX-02-021A | I183: {=IFERROR(INDEX(_xlfn.TEXTSPLIT(E183," "),1), "")} -> 73239990 | K183: {=IF(ISERROR(SEARCH("QTY:", G183)), IF(ISERROR(SEARCH("TOTAL ", G183)), Raw [1]Data!N183, TRIM(MID(G183, SEARCH("TOTAL ", G183)+6, SEARCH(" ", G183&" ", SEARCH("TOTAL ", G183)+6) - SEARCH("TOTAL ", G183) - 6))), TRIM(MID(G183, SEARCH("QTY:", G183)+4, SEARCH(" ", G183, SEARCH("QTY:", G183)+4) - SEARCH("QTY:", G183) - 4)))} -> #NAME? | M183: =K183 -> #NAME? | N183: =L183 -> 0 | O183: {=IF(ISERROR(SEARCH("USD ", G183)), Raw [1]Data!S183, TRIM(MID(G183, SEARCH("USD ", G183)+4, SEARCH(" ", G183&" ", SEARCH("USD ", G183)+4) - SEARCH("USD ", G183) - 4)))} -> #NAME? | P183: =O183*M183 -> #NAME? | Q183: {=Raw [1]Data!P183} -> #NAME? | R183: {=Raw [1]Data!Q183} -> #NAME? | S183: {=Raw [1]Data!T183} -> #NAME? | T183: =S183/M183 -> #NAME? | U183: =IF(R183<>0, (S183/R183)*100, 0) -> #NAME? | V183: =IF(OR(E183=73239990,E183=73231000,E183=73239390),"Steel","Other") -> Other
A184: INNSA1 | B184: 2024-08-24 | C184: =YEAR(B184) -> 2024 | D184: 0301049751 | E184: 73239990 | F184: =LEFT(E184,2) -> 73 | G184: HOUSEHOLD STEEL HOOK 3PCS SET (2628) (QTY: 167040 NOS/USD 0.375 PER NOS) | H184: =IFERROR(LEFT(G184, FIND(" ",G184)), "") -> HOUSEHOLD | I184: {=IFERROR(INDEX(_xlfn.TEXTSPLIT(E184," "),1), "")} -> 73239990 | J184: 2628) | K184: {=IF(ISERROR(SEARCH("QTY:", G184)), IF(ISERROR(SEARCH("TOTAL ", G184)), Raw [1]Data!N184, TRIM(MID(G184, SEARCH("TOTAL ", G184)+6, SEARCH(" ", G184&" ", SEARCH("TOTAL ", G184)+6) - SEARCH("TOTAL ", G184) - 6))), TRIM(MID(G184, SEARCH("QTY:", G184)+4, SEARCH(" ", G184, SEARCH("QTY:", G184)+4) - SEARCH("QTY:", G184) - 4)))} | M184: =K184 | N184: =L184 -> 0 | O184: {=IF(ISERROR(SEARCH("USD ", G184)), Raw [1]Data!S184, TRIM(MID(G184, SEARCH("USD ", G184)+4, SEARCH(" ", G184&" ", SEARCH("USD ", G184)+4) - SEARCH("USD ", G184) - 4)))} -> 0.375 | P184: =O184*M184 -> #VALUE! | Q184: {=Raw [1]Data!P184} -> #NAME? | R184: {=Raw [1]Data!Q184} -> #NAME? | S184: {=Raw [1]Data!T184} -> #NAME? | T184: =S184/M184 -> #NAME? | U184: =IF(R184<>0, (S184/R184)*100, 0) -> #NAME? | V184: =IF(OR(E184=73239990,E184=73231000,E184=73239390),"Steel","Other") -> Other
A185: INNSA1 | B185: 2024-08-20 | C185: =YEAR(B185) -> 2024 | D185: 0301049751 | E185: 73231000 | F185: =LEFT(E185,2) -> 73 | G185: STEEL SCRUBBER 2PCS SET (8001-2) (QTY: 168000 SET/USD 0.148PER SET) | H185: =IFERROR(LEFT(G185, FIND(" ",G185)), "") -> STEEL | I185: {=IFERROR(INDEX(_xlfn.TEXTSPLIT(E185," "),1), "")} -> 73231000 | J185: 8001-2) | K185: {=IF(ISERROR(SEARCH("QTY:", G185)), IF(ISERROR(SEARCH("TOTAL ", G185)), Raw [1]Data!N185, TRIM(MID(G185, SEARCH("TOTAL ", G185)+6, SEARCH(" ", G185&" ", SEARCH("TOTAL ", G185)+6) - SEARCH("TOTAL ", G185) - 6))), TRIM(MID(G185, SEARCH("QTY:", G185)+4, SEARCH(" ", G185, SEARCH("QTY:", G185)+4) - SEARCH("QTY:", G185) - 4)))} | M185: =K185 | N185: =L185 -> 0 | O185: {=IF(ISERROR(SEARCH("USD ", G185)), Raw [1]Data!S185, TRIM(MID(G185, SEARCH("USD ", G185)+4, SEARCH(" ", G185&" ", SEARCH("USD ", G185)+4) - SEARCH("USD ", G185) - 4)))} -> 0.148PER | P185: =O185*M185 -> #VALUE! | Q185: {=Raw [1]Data!P185} -> #NAME? | R185: {=Raw [1]Data!Q185} -> #NAME? | S185: {=Raw [1]Data!T185} -> #NAME? | T185: =S185/M185 -> #NAME? | U185: =IF(R185<>0, (S185/R185)*100, 0) -> #NAME? | V185: =IF(OR(E185=73239990,E185=73231000,E185=73239390),"Steel","Other") -> Other
A186: INNSA1 | B186: 2024-08-16 | C186: =YEAR(B186) -> 2024 | D186: 0301049751 | E186: 73239990 | F186: =LEFT(E186,2) -> 73 | G186: STEEL SPRINKLER (AM-430) (QTY: 38496 PC/ USD 0.572 PER PC) | H186: =IFERROR(LEFT(G186, FIND(" ",G186)), "") -> STEEL | I186: {=IFERROR(INDEX(_xlfn.TEXTSPLIT(E186," "),1), "")} -> 73239990 | J186: AM-430) | K186: {=IF(ISERROR(SEARCH("QTY:", G186)), IF(ISERROR(SEARCH("TOTAL ", G186)), Raw [1]Data!N186, TRIM(MID(G186, SEARCH("TOTAL ", G186)+6, SEARCH(" ", G186&" ", SEARCH("TOTAL ", G186)+6) - SEARCH("TOTAL ", G186) - 6))), TRIM(MID(G186, SEARCH("QTY:", G186)+4, SEARCH(" ", G186, SEARCH("QTY:", G186)+4) - SEARCH("QTY:", G186) - 4)))} | M186: =K186 | N186: =L186 -> 0 | O186: {=IF(ISERROR(SEARCH("USD ", G186)), Raw [1]Data!S186, TRIM(MID(G186, SEARCH("USD ", G186)+4, SEARCH(" ", G186&" ", SEARCH("USD ", G186)+4) - SEARCH("USD ", G186) - 4)))} -> 0.572 | P186: =O186*M186 -> #VALUE! | Q186: {=Raw [1]Data!P186} -> #NAME? | R186: {=Raw [1]Data!Q186} -> #NAME? | S186: {=Raw [1]Data!T186} -> #NAME? | T186: =S186/M186 -> #NAME? | U186: =IF(R186<>0, (S186/R186)*100, 0) -> #NAME? | V186: =IF(OR(E186=73239990,E186=73231000,E186=73239390),"Steel","Other") -> Other
A187: INNSA1 | B187: 2024-08-16 | C187: =YEAR(B187) -> 2024 | D187: 0301049751 | E187: 73239990 | F187: =LEFT(E187,2) -> 73 | G187: RYX-02-020 MILD STEEL MULTI FUNCTION CLOTH STAND (QTY :1232NUM/CNY 101.00 PER NUM) | H187: =IFERROR(LEFT(G187, FIND(" ",G187)), "") -> RYX-02-020 | I187: {=IFERROR(INDEX(_xlfn.TEXTSPLIT(E187," "),1), "")} -> 73239990 | K187: {=IF(ISERROR(SEARCH("QTY:", G187)), IF(ISERROR(SEARCH("TOTAL ", G187)), Raw [1]Data!N187, TRIM(MID(G187, SEARCH("TOTAL ", G187)+6, SEARCH(" ", G187&" ", SEARCH("TOTAL ", G187)+6) - SEARCH("TOTAL ", G187) - 6))), TRIM(MID(G187, SEARCH("QTY:", G187)+4, SEARCH(" ", G187, SEARCH("QTY:", G187)+4) - SEARCH("QTY:", G187) - 4)))} -> #NAME? | M187: =K187 -> #NAME? | N187: =L187 -> 0 | O187: {=IF(ISERROR(SEARCH("USD ", G187)), Raw [1]Data!S187, TRIM(MID(G187, SEARCH("USD ", G187)+4, SEARCH(" ", G187&" ", SEARCH("USD ", G187)+4) - SEARCH("USD ", G187) - 4)))} -> #NAME? | P187: =O187*M187 -> #NAME? | Q187: {=Raw [1]Data!P187} -> #NAME? | R187: {=Raw [1]Data!Q187} -> #NAME? | S187: {=Raw [1]Data!T187} -> #NAME? | T187: =S187/M187 -> #NAME? | U187: =IF(R187<>0, (S187/R187)*100, 0) -> #NAME? | V187: =IF(OR(E187=73239990,E187=73231000,E187=73239390),"Steel","Other") -> Other
A188: INNSA1 | B188: 2024-08-13 | C188: =YEAR(B188) -> 2024 | D188: 0301049751 | E188: 73239990 | F188: =LEFT(E188,2) -> 73 | G188: RYX-02-021A MILD STEEL MULTI FUNCTION CLOTH STAND (QTY :3888NUM/CNY 61.50 PER NUM) | H188: =IFERROR(LEFT(G188, FIND(" ",G188)), "") -> RYX-02-021A | I188: {=IFERROR(INDEX(_xlfn.TEXTSPLIT(E188," "),1), "")} -> 73239990 | K188: {=IF(ISERROR(SEARCH("QTY:", G188)), IF(ISERROR(SEARCH("TOTAL ", G188)), Raw [1]Data!N188, TRIM(MID(G188, SEARCH("TOTAL ", G188)+6, SEARCH(" ", G188&" ", SEARCH("TOTAL ", G188)+6) - SEARCH("TOTAL ", G188) - 6))), TRIM(MID(G188, SEARCH("QTY:", G188)+4, SEARCH(" ", G188, SEARCH("QTY:", G188)+4) - SEARCH("QTY:", G188) - 4)))} -> #NAME? | M188: =K188 -> #NAME? | N188: =L188 -> 0 | O188: {=IF(ISERROR(SEARCH("USD ", G188)), Raw [1]Data!S188, TRIM(MID(G188, SEARCH("USD ", G188)+4, SEARCH(" ", G188&" ", SEARCH("USD ", G188)+4) - SEARCH("USD ", G188) - 4)))} -> #NAME? | P188: =O188*M188 -> #NAME? | Q188: {=Raw [1]Data!P188} -> #NAME? | R188: {=Raw [1]Data!Q188} -> #NAME? | S188: {=Raw [1]Data!T188} -> #NAME? | T188: =S188/M188 -> #NAME? | U188: =IF(R188<>0, (S188/R188)*100, 0) -> #NAME? | V188: =IF(OR(E188=73239990,E188=73231000,E188=73239390),"Steel","Other") -> Other
A189: INNSA1 | B189: 2024-08-12 | C189: =YEAR(B189) -> 2024 | D189: 0301049751 | E189: 73231000 | F189: =LEFT(E189,2) -> 73 | G189: STEEL SCRUBBER 6PCS SET (OKS-4156) (QTY:98400 PCS/USD:0.238PER PCS) | H189: =IFERROR(LEFT(G189, FIND(" ",G189)), "") -> STEEL | I189: {=IFERROR(INDEX(_xlfn.TEXTSPLIT(E189," "),1), "")} -> 73231000 | J189: OKS-4156) | K189: {=IF(ISERROR(SEARCH("QTY:", G189)), IF(ISERROR(SEARCH("TOTAL ", G189)), Raw [1]Data!N189, TRIM(MID(G189, SEARCH("TOTAL ", G189)+6, SEARCH(" ", G189&" ", SEARCH("TOTAL ", G189)+6) - SEARCH("TOTAL ", G189) - 6))), TRIM(MID(G189, SEARCH("QTY:", G189)+4, SEARCH(" ", G189, SEARCH("QTY:", G189)+4) - SEARCH("QTY:", G189) - 4)))} -> 98400 | M189: =K189 -> 98400 | N189: =L189 -> 0 | O189: {=IF(ISERROR(SEARCH("USD ", G189)), Raw [1]Data!S189, TRIM(MID(G189, SEARCH("USD ", G189)+4, SEARCH(" ", G189&" ", SEARCH("USD ", G189)+4) - SEARCH("USD ", G189) - 4)))} -> #NAME? | P189: =O189*M189 -> #NAME? | Q189: {=Raw [1]Data!P189} -> #NAME? | R189: {=Raw [1]Data!Q189} -> #NAME? | S189: {=Raw [1]Data!T189} -> #NAME? | T189: =S189/M189 -> #NAME? | U189: =IF(R189<>0, (S189/R189)*100, 0) -> #NAME? | V189: =IF(OR(E189=73239990,E189=73231000,E189=73239390),"Steel","Other") -> Other
A190: INNSA1 | B190: 2024-08-10 | C190: =YEAR(B190) -> 2024 | D190: 0301049751 | E190: 73239990 | F190: =LEFT(E190,2) -> 73 | G190: HOUSEHOLD STEEL HOOK 3PCS SET (3888) (QTY:3168 SET/USD 0.265PER SET) | H190: =IFERROR(LEFT(G190, FIND(" ",G190)), "") -> HOUSEHOLD | I190: {=IFERROR(INDEX(_xlfn.TEXTSPLIT(E190," "),1), "")} -> 73239990 | J190: 3888) | K190: {=IF(ISERROR(SEARCH("QTY:", G190)), IF(ISERROR(SEARCH("TOTAL ", G190)), Raw [1]Data!N190, TRIM(MID(G190, SEARCH("TOTAL ", G190)+6, SEARCH(" ", G190&" ", SEARCH("TOTAL ", G190)+6) - SEARCH("TOTAL ", G190) - 6))), TRIM(MID(G190, SEARCH("QTY:", G190)+4, SEARCH(" ", G190, SEARCH("QTY:", G190)+4) - SEARCH("QTY:", G190) - 4)))} -> 3168 | M190: =K190 -> 3168 | N190: =L190 -> 0 | O190: {=IF(ISERROR(SEARCH("USD ", G190)), Raw [1]Data!S190, TRIM(MID(G190, SEARCH("USD ", G190)+4, SEARCH(" ", G190&" ", SEARCH("USD ", G190)+4) - SEARCH("USD ", G190) - 4)))} -> 0.265PER | P190: =O190*M190 -> #VALUE! | Q190: {=Raw [1]Data!P190} -> #NAME? | R190: {=Raw [1]Data!Q190} -> #NAME? | S190: {=Raw [1]Data!T190} -> #NAME? | T190: =S190/M190 -> #NAME? | U190: =IF(R190<>0, (S190/R190)*100, 0) -> #NAME? | V190: =IF(OR(E190=73239990,E190=73231000,E190=73239390),"Steel","Other") -> Other
A191: INNSA1 | B191: 2024-08-05 | C191: =YEAR(B191) -> 2024 | D191: 0301049751 | E191: 73239990 | F191: =LEFT(E191,2) -> 73 | G191: STEEL CUTLERY HOLDER (H2740) (QTY: 960 NOS/USD 1.95 PER NOS) | H191: =IFERROR(LEFT(G191, FIND(" ",G191)), "") -> STEEL | I191: {=IFERROR(INDEX(_xlfn.TEXTSPLIT(E191," "),1), "")} -> 73239990 | K191: {=IF(ISERROR(SEARCH("QTY:", G191)), IF(ISERROR(SEARCH("TOTAL ", G191)), Raw [1]Data!N191, TRIM(MID(G191, SEARCH("TOTAL ", G191)+6, SEARCH(" ", G191&" ", SEARCH("TOTAL ", G191)+6) - SEARCH("TOTAL ", G191) - 6))), TRIM(MID(G191, SEARCH("QTY:", G191)+4, SEARCH(" ", G191, SEARCH("QTY:", G191)+4) - SEARCH("QTY:", G191) - 4)))} | M191: =K191 | N191: =L191 -> 0 | O191: {=IF(ISERROR(SEARCH("USD ", G191)), Raw [1]Data!S191, TRIM(MID(G191, SEARCH("USD ", G191)+4, SEARCH(" ", G191&" ", SEARCH("USD ", G191)+4) - SEARCH("USD ", G191) - 4)))} -> 1.95 | P191: =O191*M191 -> #VALUE! | Q191: {=Raw [1]Data!P191} -> #NAME? | R191: {=Raw [1]Data!Q191} -> #NAME? | S191: {=Raw [1]Data!T191} -> #NAME? | T191: =S191/M191 -> #NAME? | U191: =IF(R191<>0, (S191/R191)*100, 0) -> #NAME? | V191: =IF(OR(E191=73239990,E191=73231000,E191=73239390),"Steel","Other") -> Other
A192: INNSA1 | B192: 2024-08-02 | C192: =YEAR(B192) -> 2024 | D192: 0301049751 | E192: 73239990 | F192: =LEFT(E192,2) -> 73 | G192: AM-430 STEEL SPRINKLER (QTY: 62400 PCS/USD 0.5712 PER PCS) | H192: =IFERROR(LEFT(G192, FIND(" ",G192)), "") -> AM-430 | I192: {=IFERROR(INDEX(_xlfn.TEXTSPLIT(E192," "),1), "")} -> 73239990 | J192: QTY: | K192: {=IF(ISERROR(SEARCH("QTY:", G192)), IF(ISERROR(SEARCH("TOTAL ", G192)), Raw [1]Data!N192, TRIM(MID(G192, SEARCH("TOTAL ", G192)+6, SEARCH(" ", G192&" ", SEARCH("TOTAL ", G192)+6) - SEARCH("TOTAL ", G192) - 6))), TRIM(MID(G192, SEARCH("QTY:", G192)+4, SEARCH(" ", G192, SEARCH("QTY:", G192)+4) - SEARCH("QTY:", G192) - 4)))} | M192: =K192 | N192: =L192 -> 0 | O192: {=IF(ISERROR(SEARCH("USD ", G192)), Raw [1]Data!S192, TRIM(MID(G192, SEARCH("USD ", G192)+4, SEARCH(" ", G192&" ", SEARCH("USD ", G192)+4) - SEARCH("USD ", G192) - 4)))} -> 0.5712 | P192: =O192*M192 -> #VALUE! | Q192: {=Raw [1]Data!P192} -> #NAME? | R192: {=Raw [1]Data!Q192} -> #NAME? | S192: {=Raw [1]Data!T192} -> #NAME? | T192: =S192/M192 -> #NAME? | U192: =IF(R192<>0, (S192/R192)*100, 0) -> #NAME? | V192: =IF(OR(E192=73239990,E192=73231000,E192=73239390),"Steel","Other") -> Other
A193: INNSA1 | B193: 2024-08-02 | C193: =YEAR(B193) -> 2024 | D193: 0301049751 | E193: 73231000 | F193: =LEFT(E193,2) -> 73 | G193: STEEL SCRUBBER 2PCS SET (8001-2) (QTY: 168480 SET/USD 0.148PER SET) | H193: =IFERROR(LEFT(G193, FIND(" ",G193)), "") -> STEEL | I193: {=IFERROR(INDEX(_xlfn.TEXTSPLIT(E193," "),1), "")} -> 73231000 | J193: 8001-2) | K193: {=IF(ISERROR(SEARCH("QTY:", G193)), IF(ISERROR(SEARCH("TOTAL ", G193)), Raw [1]Data!N193, TRIM(MID(G193, SEARCH("TOTAL ", G193)+6, SEARCH(" ", G193&" ", SEARCH("TOTAL ", G193)+6) - SEARCH("TOTAL ", G193) - 6))), TRIM(MID(G193, SEARCH("QTY:", G193)+4, SEARCH(" ", G193, SEARCH("QTY:", G193)+4) - SEARCH("QTY:", G193) - 4)))} | M193: =K193 | N193: =L193 -> 0 | O193: {=IF(ISERROR(SEARCH("USD ", G193)), Raw [1]Data!S193, TRIM(MID(G193, SEARCH("USD ", G193)+4, SEARCH(" ", G193&" ", SEARCH("USD ", G193)+4) - SEARCH("USD ", G193) - 4)))} -> 0.148PER | P193: =O193*M193 -> #VALUE! | Q193: {=Raw [1]Data!P193} -> #NAME? | R193: {=Raw [1]Data!Q193} -> #NAME? | S193: {=Raw [1]Data!T193} -> #NAME? | T193: =S193/M193 -> #NAME? | U193: =IF(R193<>0, (S193/R193)*100, 0) -> #NAME? | V193: =IF(OR(E193=73239990,E193=73231000,E193=73239390),"Steel","Other") -> Other
A194: INNSA1 | B194: 2024-08-02 | C194: =YEAR(B194) -> 2024 | D194: 0301049751 | E194: 73239990 | F194: =LEFT(E194,2) -> 73 | G194: STEEL HANGER WITH HOOK (SM1168) (QTY: 57792 NOS/USD 1.23 PERNOS) | H194: =IFERROR(LEFT(G194, FIND(" ",G194)), "") -> STEEL | I194: {=IFERROR(INDEX(_xlfn.TEXTSPLIT(E194," "),1), "")} -> 73239990 | K194: {=IF(ISERROR(SEARCH("QTY:", G194)), IF(ISERROR(SEARCH("TOTAL ", G194)), Raw [1]Data!N194, TRIM(MID(G194, SEARCH("TOTAL ", G194)+6, SEARCH(" ", G194&" ", SEARCH("TOTAL ", G194)+6) - SEARCH("TOTAL ", G194) - 6))), TRIM(MID(G194, SEARCH("QTY:", G194)+4, SEARCH(" ", G194, SEARCH("QTY:", G194)+4) - SEARCH("QTY:", G194) - 4)))} | M194: =K194 | N194: =L194 -> 0 | O194: {=IF(ISERROR(SEARCH("USD ", G194)), Raw [1]Data!S194, TRIM(MID(G194, SEARCH("USD ", G194)+4, SEARCH(" ", G194&" ", SEARCH("USD ", G194)+4) - SEARCH("USD ", G194) - 4)))} -> 1.23 | P194: =O194*M194 -> #VALUE! | Q194: {=Raw [1]Data!P194} -> #NAME? | R194: {=Raw [1]Data!Q194} -> #NAME? | S194: {=Raw [1]Data!T194} -> #NAME? | T194: =S194/M194 -> #NAME? | U194: =IF(R194<>0, (S194/R194)*100, 0) -> #NAME? | V194: =IF(OR(E194=73239990,E194=73231000,E194=73239390),"Steel","Other") -> Other
A195: INNSA1 | B195: 2024-07-30 | C195: =YEAR(B195) -> 2024 | D195: 0301049751 | E195: 73239990 | F195: =LEFT(E195,2) -> 73 | G195: RYX-02-020 MILD STEEL MULTI FUNCTION CLOTH STAND (QTY :1232NUM/CNY 101.00 PER NUM) | H195: =IFERROR(LEFT(G195, FIND(" ",G195)), "") -> RYX-02-020 | I195: {=IFERROR(INDEX(_xlfn.TEXTSPLIT(E195," "),1), "")} -> 73239990 | K195: {=IF(ISERROR(SEARCH("QTY:", G195)), IF(ISERROR(SEARCH("TOTAL ", G195)), Raw [1]Data!N195, TRIM(MID(G195, SEARCH("TOTAL ", G195)+6, SEARCH(" ", G195&" ", SEARCH("TOTAL ", G195)+6) - SEARCH("TOTAL ", G195) - 6))), TRIM(MID(G195, SEARCH("QTY:", G195)+4, SEARCH(" ", G195, SEARCH("QTY:", G195)+4) - SEARCH("QTY:", G195) - 4)))} -> #NAME? | M195: =K195 -> #NAME? | N195: =L195 -> 0 | O195: {=IF(ISERROR(SEARCH("USD ", G195)), Raw [1]Data!S195, TRIM(MID(G195, SEARCH("USD ", G195)+4, SEARCH(" ", G195&" ", SEARCH("USD ", G195)+4) - SEARCH("USD ", G195) - 4)))} -> #NAME? | P195: =O195*M195 -> #NAME? | Q195: {=Raw [1]Data!P195} -> #NAME? | R195: {=Raw [1]Data!Q195} -> #NAME? | S195: {=Raw [1]Data!T195} -> #NAME? | T195: =S195/M195 -> #NAME? | U195: =IF(R195<>0, (S195/R195)*100, 0) -> #NAME? | V195: =IF(OR(E195=73239990,E195=73231000,E195=73239390),"Steel","Other") -> Other
A196: INNSA1 | B196: 2024-07-30 | C196: =YEAR(B196) -> 2024 | D196: 0301049751 | E196: 73239990 | F196: =LEFT(E196,2) -> 73 | G196: SY604A-4 STEEL HOOK 4PCS SET(QTY :25200 SET/USD 0.5207 PERSET) | H196: =IFERROR(LEFT(G196, FIND(" ",G196)), "") -> SY604A-4 | I196: {=IFERROR(INDEX(_xlfn.TEXTSPLIT(E196," "),1), "")} -> 73239990 | J196: QTY | K196: {=IF(ISERROR(SEARCH("QTY:", G196)), IF(ISERROR(SEARCH("TOTAL ", G196)), Raw [1]Data!N196, TRIM(MID(G196, SEARCH("TOTAL ", G196)+6, SEARCH(" ", G196&" ", SEARCH("TOTAL ", G196)+6) - SEARCH("TOTAL ", G196) - 6))), TRIM(MID(G196, SEARCH("QTY:", G196)+4, SEARCH(" ", G196, SEARCH("QTY:", G196)+4) - SEARCH("QTY:", G196) - 4)))} -> #NAME? | M196: =K196 -> #NAME? | N196: =L196 -> 0 | O196: {=IF(ISERROR(SEARCH("USD ", G196)), Raw [1]Data!S196, TRIM(MID(G196, SEARCH("USD ", G196)+4, SEARCH(" ", G196&" ", SEARCH("USD ", G196)+4) - SEARCH("USD ", G196) - 4)))} -> 0.5207 | P196: =O196*M196 -> #NAME? | Q196: {=Raw [1]Data!P196} -> #NAME? | R196: {=Raw [1]Data!Q196} -> #NAME? | S196: {=Raw [1]Data!T196} -> #NAME? | T196: =S196/M196 -> #NAME? | U196: =IF(R196<>0, (S196/R196)*100, 0) -> #NAME? | V196: =IF(OR(E196=73239990,E196=73231000,E196=73239390),"Steel","Other") -> Other
A197: INNSA1 | B197: 2024-07-26 | C197: =YEAR(B197) -> 2024 | D197: 0301049751 | E197: 73239990 | F197: =LEFT(E197,2) -> 73 | G197: MILD STEEL MULTI FUNCTION CLOTH STAND (RYX-02-020) (QTY: 1232 NOS/CNY 101 PER NOS) | H197: =IFERROR(LEFT(G197, FIND(" ",G197)), "") -> MILD | I197: {=IFERROR(INDEX(_xlfn.TEXTSPLIT(E197," "),1), "")} -> 73239990 | K197: {=IF(ISERROR(SEARCH("QTY:", G197)), IF(ISERROR(SEARCH("TOTAL ", G197)), Raw [1]Data!N197, TRIM(MID(G197, SEARCH("TOTAL ", G197)+6, SEARCH(" ", G197&" ", SEARCH("TOTAL ", G197)+6) - SEARCH("TOTAL ", G197) - 6))), TRIM(MID(G197, SEARCH("QTY:", G197)+4, SEARCH(" ", G197, SEARCH("QTY:", G197)+4) - SEARCH("QTY:", G197) - 4)))} | M197: =K197 | N197: =L197 -> 0 | O197: {=IF(ISERROR(SEARCH("USD ", G197)), Raw [1]Data!S197, TRIM(MID(G197, SEARCH("USD ", G197)+4, SEARCH(" ", G197&" ", SEARCH("USD ", G197)+4) - SEARCH("USD ", G197) - 4)))} -> #NAME? | P197: =O197*M197 -> #NAME? | Q197: {=Raw [1]Data!P197} -> #NAME? | R197: {=Raw [1]Data!Q197} -> #NAME? | S197: {=Raw [1]Data!T197} -> #NAME? | T197: =S197/M197 -> #NAME? | U197: =IF(R197<>0, (S197/R197)*100, 0) -> #NAME? | V197: =IF(OR(E197=73239990,E197=73231000,E197=73239390),"Steel","Other") -> Other
A198: INNSA1 | B198: 2024-07-26 | C198: =YEAR(B198) -> 2024 | D198: 0301049751 | E198: 73239990 | F198: =LEFT(E198,2) -> 73 | G198: HOUSEHOLD STEEL HOOK 3PCS SET (2628) (QTY: 167040 SET/USD 0.375 PER SET) | H198: =IFERROR(LEFT(G198, FIND(" ",G198)), "") -> HOUSEHOLD | I198: {=IFERROR(INDEX(_xlfn.TEXTSPLIT(E198," "),1), "")} -> 73239990 | J198: 2628) | K198: {=IF(ISERROR(SEARCH("QTY:", G198)), IF(ISERROR(SEARCH("TOTAL ", G198)), Raw [1]Data!N198, TRIM(MID(G198, SEARCH("TOTAL ", G198)+6, SEARCH(" ", G198&" ", SEARCH("TOTAL ", G198)+6) - SEARCH("TOTAL ", G198) - 6))), TRIM(MID(G198, SEARCH("QTY:", G198)+4, SEARCH(" ", G198, SEARCH("QTY:", G198)+4) - SEARCH("QTY:", G198) - 4)))} | M198: =K198 | N198: =L198 -> 0 | O198: {=IF(ISERROR(SEARCH("USD ", G198)), Raw [1]Data!S198, TRIM(MID(G198, SEARCH("USD ", G198)+4, SEARCH(" ", G198&" ", SEARCH("USD ", G198)+4) - SEARCH("USD ", G198) - 4)))} -> 0.375 | P198: =O198*M198 -> #VALUE! | Q198: {=Raw [1]Data!P198} -> #NAME? | R198: {=Raw [1]Data!Q198} -> #NAME? | S198: {=Raw [1]Data!T198} -> #NAME? | T198: =S198/M198 -> #NAME? | U198: =IF(R198<>0, (S198/R198)*100, 0) -> #NAME? | V198: =IF(OR(E198=73239990,E198=73231000,E198=73239390),"Steel","Other") -> Other
A199: INNSA1 | B199: 2024-07-19 | C199: =YEAR(B199) -> 2024 | D199: 0301049751 | E199: 73231000 | F199: =LEFT(E199,2) -> 73 | G199: STEEL SCRUBBER 6PCS SET (OKS-4156) (QTY: 98400 SET/USD 0.238PER SET) | H199: =IFERROR(LEFT(G199, FIND(" ",G199)), "") -> STEEL | I199: {=IFERROR(INDEX(_xlfn.TEXTSPLIT(E199," "),1), "")} -> 73231000 | J199: OKS-4156) | K199: {=IF(ISERROR(SEARCH("QTY:", G199)), IF(ISERROR(SEARCH("TOTAL ", G199)), Raw [1]Data!N199, TRIM(MID(G199, SEARCH("TOTAL ", G199)+6, SEARCH(" ", G199&" ", SEARCH("TOTAL ", G199)+6) - SEARCH("TOTAL ", G199) - 6))), TRIM(MID(G199, SEARCH("QTY:", G199)+4, SEARCH(" ", G199, SEARCH("QTY:", G199)+4) - SEARCH("QTY:", G199) - 4)))} | M199: =K199 | N199: =L199 -> 0 | O199: {=IF(ISERROR(SEARCH("USD ", G199)), Raw [1]Data!S199, TRIM(MID(G199, SEARCH("USD ", G199)+4, SEARCH(" ", G199&" ", SEARCH("USD ", G199)+4) - SEARCH("USD ", G199) - 4)))} -> 0.238PER | P199: =O199*M199 -> #VALUE! | Q199: {=Raw [1]Data!P199} -> #NAME? | R199: {=Raw [1]Data!Q199} -> #NAME? | S199: {=Raw [1]Data!T199} -> #NAME? | T199: =S199/M199 -> #NAME? | U199: =IF(R199<>0, (S199/R199)*100, 0) -> #NAME? | V199: =IF(OR(E199=73239990,E199=73231000,E199=73239390),"Steel","Other") -> Other
A200: INNSA1 | B200: 2024-07-18 | C200: =YEAR(B200) -> 2024 | D200: 0301049751 | E200: 73231000 | F200: =LEFT(E200,2) -> 73 | G200: STEEL SCRUBBER 2PCS SET (8001-2) (QTY: 166320 SET/USD 0.151PER SET) | H200: =IFERROR(LEFT(G200, FIND(" ",G200)), "") -> STEEL | I200: {=IFERROR(INDEX(_xlfn.TEXTSPLIT(E200," "),1), "")} -> 73231000 | J200: 8001-2) | K200: {=IF(ISERROR(SEARCH("QTY:", G200)), IF(ISERROR(SEARCH("TOTAL ", G200)), Raw [1]Data!N200, TRIM(MID(G200, SEARCH("TOTAL ", G200)+6, SEARCH(" ", G200&" ", SEARCH("TOTAL ", G200)+6) - SEARCH("TOTAL ", G200) - 6))), TRIM(MID(G200, SEARCH("QTY:", G200)+4, SEARCH(" ", G200, SEARCH("QTY:", G200)+4) - SEARCH("QTY:", G200) - 4)))} | M200: =K200 | N200: =L200 -> 0 | O200: {=IF(ISERROR(SEARCH("USD ", G200)), Raw [1]Data!S200, TRIM(MID(G200, SEARCH("USD ", G200)+4, SEARCH(" ", G200&" ", SEARCH("USD ", G200)+4) - SEARCH("USD ", G200) - 4)))} -> 0.151PER | P200: =O200*M200 -> #VALUE! | Q200: {=Raw [1]Data!P200} -> #NAME? | R200: {=Raw [1]Data!Q200} -> #NAME? | S200: {=Raw [1]Data!T200} -> #NAME? | T200: =S200/M200 -> #NAME? | U200: =IF(R200<>0, (S200/R200)*100, 0) -> #NAME? | V200: =IF(OR(E200=73239990,E200=73231000,E200=73239390),"Steel","Other") -> Other
A201: INNSA1 | B201: 2024-07-18 | C201: =YEAR(B201) -> 2024 | D201: 0301049751 | E201: 73231000 | F201: =LEFT(E201,2) -> 73 | G201: STEEL SCRUBBER 2PCS SET (8001-2) (QTY: 166920 SET/USD 0.151PER SET) | H201: =IFERROR(LEFT(G201, FIND(" ",G201)), "") -> STEEL | I201: {=IFERROR(INDEX(_xlfn.TEXTSPLIT(E201," "),1), "")} -> 73231000 | J201: 8001-2) | K201: {=IF(ISERROR(SEARCH("QTY:", G201)), IF(ISERROR(SEARCH("TOTAL ", G201)), Raw [1]Data!N201, TRIM(MID(G201, SEARCH("TOTAL ", G201)+6, SEARCH(" ", G201&" ", SEARCH("TOTAL ", G201)+6) - SEARCH("TOTAL ", G201) - 6))), TRIM(MID(G201, SEARCH("QTY:", G201)+4, SEARCH(" ", G201, SEARCH("QTY:", G201)+4) - SEARCH("QTY:", G201) - 4)))} | M201: =K201 | N201: =L201 -> 0 | O201: {=IF(ISERROR(SEARCH("USD ", G201)), Raw [1]Data!S201, TRIM(MID(G201, SEARCH("USD ", G201)+4, SEARCH(" ", G201&" ", SEARCH("USD ", G201)+4) - SEARCH("USD ", G201) - 4)))} -> 0.151PER | P201: =O201*M201 -> #VALUE! | Q201: {=Raw [1]Data!P201} -> #NAME? | R201: {=Raw [1]Data!Q201} -> #NAME? | S201: {=Raw [1]Data!T201} -> #NAME? | T201: =S201/M201 -> #NAME? | U201: =IF(R201<>0, (S201/R201)*100, 0) -> #NAME? | V201: =IF(OR(E201=73239990,E201=73231000,E201=73239390),"Steel","Other") -> Other
A202: INNSA1 | B202: 2024-07-15 | C202: =YEAR(B202) -> 2024 | D202: 0301049751 | E202: 73239990 | F202: =LEFT(E202,2) -> 73 | G202: STEEL HANGER WITH HOOK (SL-89) (QTY: 70056 PCS/CNY 7.45 PERPCS) | H202: =IFERROR(LEFT(G202, FIND(" ",G202)), "") -> STEEL | I202: {=IFERROR(INDEX(_xlfn.TEXTSPLIT(E202," "),1), "")} -> 73239990 | K202: {=IF(ISERROR(SEARCH("QTY:", G202)), IF(ISERROR(SEARCH("TOTAL ", G202)), Raw [1]Data!N202, TRIM(MID(G202, SEARCH("TOTAL ", G202)+6, SEARCH(" ", G202&" ", SEARCH("TOTAL ", G202)+6) - SEARCH("TOTAL ", G202) - 6))), TRIM(MID(G202, SEARCH("QTY:", G202)+4, SEARCH(" ", G202, SEARCH("QTY:", G202)+4) - SEARCH("QTY:", G202) - 4)))} | M202: =K202 | N202: =L202 -> 0 | O202: {=IF(ISERROR(SEARCH("USD ", G202)), Raw [1]Data!S202, TRIM(MID(G202, SEARCH("USD ", G202)+4, SEARCH(" ", G202&" ", SEARCH("USD ", G202)+4) - SEARCH("USD ", G202) - 4)))} -> #NAME? | P202: =O202*M202 -> #NAME? | Q202: {=Raw [1]Data!P202} -> #NAME? | R202: {=Raw [1]Data!Q202} -> #NAME? | S202: {=Raw [1]Data!T202} -> #NAME? | T202: =S202/M202 -> #NAME? | U202: =IF(R202<>0, (S202/R202)*100, 0) -> #NAME? | V202: =IF(OR(E202=73239990,E202=73231000,E202=73239390),"Steel","Other") -> Other
A203: INNSA1 | B203: 2024-07-07 | C203: =YEAR(B203) -> 2024 | D203: 0301049751 | E203: 73239990 | F203: =LEFT(E203,2) -> 73 | G203: MILD STEEL MULTI FUNCTION CLOTH STAND (RYX-02-021A) (QTY: 3888 NOS/CNY 61.50 PER NOS) | H203: =IFERROR(LEFT(G203, FIND(" ",G203)), "") -> MILD | I203: {=IFERROR(INDEX(_xlfn.TEXTSPLIT(E203," "),1), "")} -> 73239990 | K203: {=IF(ISERROR(SEARCH("QTY:", G203)), IF(ISERROR(SEARCH("TOTAL ", G203)), Raw [1]Data!N203, TRIM(MID(G203, SEARCH("TOTAL ", G203)+6, SEARCH(" ", G203&" ", SEARCH("TOTAL ", G203)+6) - SEARCH("TOTAL ", G203) - 6))), TRIM(MID(G203, SEARCH("QTY:", G203)+4, SEARCH(" ", G203, SEARCH("QTY:", G203)+4) - SEARCH("QTY:", G203) - 4)))} | M203: =K203 | N203: =L203 -> 0 | O203: {=IF(ISERROR(SEARCH("USD ", G203)), Raw [1]Data!S203, TRIM(MID(G203, SEARCH("USD ", G203)+4, SEARCH(" ", G203&" ", SEARCH("USD ", G203)+4) - SEARCH("USD ", G203) - 4)))} -> #NAME? | P203: =O203*M203 -> #NAME? | Q203: {=Raw [1]Data!P203} -> #NAME? | R203: {=Raw [1]Data!Q203} -> #NAME? | S203: {=Raw [1]Data!T203} -> #NAME? | T203: =S203/M203 -> #NAME? | U203: =IF(R203<>0, (S203/R203)*100, 0) -> #NAME? | V203: =IF(OR(E203=73239990,E203=73231000,E203=73239390),"Steel","Other") -> Other
A204: INNSA1 | B204: 2024-07-02 | C204: =YEAR(B204) -> 2024 | D204: 0301049751 | E204: 73239990 | F204: =LEFT(E204,2) -> 73 | G204: STEEL HANGER 10PCS SET (SY772-42) (QTY: 10080 SET/USD 1.2326PER SET) | H204: =IFERROR(LEFT(G204, FIND(" ",G204)), "") -> STEEL | I204: {=IFERROR(INDEX(_xlfn.TEXTSPLIT(E204," "),1), "")} -> 73239990 | J204: SY772-42) | K204: {=IF(ISERROR(SEARCH("QTY:", G204)), IF(ISERROR(SEARCH("TOTAL ", G204)), Raw [1]Data!N204, TRIM(MID(G204, SEARCH("TOTAL ", G204)+6, SEARCH(" ", G204&" ", SEARCH("TOTAL ", G204)+6) - SEARCH("TOTAL ", G204) - 6))), TRIM(MID(G204, SEARCH("QTY:", G204)+4, SEARCH(" ", G204, SEARCH("QTY:", G204)+4) - SEARCH("QTY:", G204) - 4)))} | M204: =K204 | N204: =L204 -> 0 | O204: {=IF(ISERROR(SEARCH("USD ", G204)), Raw [1]Data!S204, TRIM(MID(G204, SEARCH("USD ", G204)+4, SEARCH(" ", G204&" ", SEARCH("USD ", G204)+4) - SEARCH("USD ", G204) - 4)))} -> 1.2326PER | P204: =O204*M204 -> #VALUE! | Q204: {=Raw [1]Data!P204} -> #NAME? | R204: {=Raw [1]Data!Q204} -> #NAME? | S204: {=Raw [1]Data!T204} -> #NAME? | T204: =S204/M204 -> #NAME? | U204: =IF(R204<>0, (S204/R204)*100, 0) -> #NAME? | V204: =IF(OR(E204=73239990,E204=73231000,E204=73239390),"Steel","Other") -> Other
A205: INNSA1 | B205: 2024-06-29 | C205: =YEAR(B205) -> 2024 | D205: 0301049751 | E205: 73239990 | F205: =LEFT(E205,2) -> 73 | G205: MILD STEEL MULTI FUNCTION CLOTH STAND (RYX-02-020) (QTY: 1232 NOS / CNY 101.00 PER NOS) | H205: =IFERROR(LEFT(G205, FIND(" ",G205)), "") -> MILD | I205: {=IFERROR(INDEX(_xlfn.TEXTSPLIT(E205," "),1), "")} -> 73239990 | K205: {=IF(ISERROR(SEARCH("QTY:", G205)), IF(ISERROR(SEARCH("TOTAL ", G205)), Raw [1]Data!N205, TRIM(MID(G205, SEARCH("TOTAL ", G205)+6, SEARCH(" ", G205&" ", SEARCH("TOTAL ", G205)+6) - SEARCH("TOTAL ", G205) - 6))), TRIM(MID(G205, SEARCH("QTY:", G205)+4, SEARCH(" ", G205, SEARCH("QTY:", G205)+4) - SEARCH("QTY:", G205) - 4)))} | M205: =K205 | N205: =L205 -> 0 | O205: {=IF(ISERROR(SEARCH("USD ", G205)), Raw [1]Data!S205, TRIM(MID(G205, SEARCH("USD ", G205)+4, SEARCH(" ", G205&" ", SEARCH("USD ", G205)+4) - SEARCH("USD ", G205) - 4)))} -> #NAME? | P205: =O205*M205 -> #NAME? | Q205: {=Raw [1]Data!P205} -> #NAME? | R205: {=Raw [1]Data!Q205} -> #NAME? | S205: {=Raw [1]Data!T205} -> #NAME? | T205: =S205/M205 -> #NAME? | U205: =IF(R205<>0, (S205/R205)*100, 0) -> #NAME? | V205: =IF(OR(E205=73239990,E205=73231000,E205=73239390),"Steel","Other") -> Other
A206: INNSA1 | B206: 2024-06-27 | C206: =YEAR(B206) -> 2024 | D206: 0301049751 | E206: 73239990 | F206: =LEFT(E206,2) -> 73 | G206: RYX-02-020 MILD STEEL MULTI FUNCTION CLOTH STAND (QTY :1232NUM/CNY 101.00 PER NUM) | H206: =IFERROR(LEFT(G206, FIND(" ",G206)), "") -> RYX-02-020 | I206: {=IFERROR(INDEX(_xlfn.TEXTSPLIT(E206," "),1), "")} -> 73239990 | K206: {=IF(ISERROR(SEARCH("QTY:", G206)), IF(ISERROR(SEARCH("TOTAL ", G206)), Raw [1]Data!N206, TRIM(MID(G206, SEARCH("TOTAL ", G206)+6, SEARCH(" ", G206&" ", SEARCH("TOTAL ", G206)+6) - SEARCH("TOTAL ", G206) - 6))), TRIM(MID(G206, SEARCH("QTY:", G206)+4, SEARCH(" ", G206, SEARCH("QTY:", G206)+4) - SEARCH("QTY:", G206) - 4)))} -> #NAME? | M206: =K206 -> #NAME? | N206: =L206 -> 0 | O206: {=IF(ISERROR(SEARCH("USD ", G206)), Raw [1]Data!S206, TRIM(MID(G206, SEARCH("USD ", G206)+4, SEARCH(" ", G206&" ", SEARCH("USD ", G206)+4) - SEARCH("USD ", G206) - 4)))} -> #NAME? | P206: =O206*M206 -> #NAME? | Q206: {=Raw [1]Data!P206} -> #NAME? | R206: {=Raw [1]Data!Q206} -> #NAME? | S206: {=Raw [1]Data!T206} -> #NAME? | T206: =S206/M206 -> #NAME? | U206: =IF(R206<>0, (S206/R206)*100, 0) -> #NAME? | V206: =IF(OR(E206=73239990,E206=73231000,E206=73239390),"Steel","Other") -> Other
A207: INNSA1 | B207: 2024-06-27 | C207: =YEAR(B207) -> 2024 | D207: 0301049751 | E207: 73231000 | F207: =LEFT(E207,2) -> 73 | G207: STEEL SCRUBBER 2PCS SET (8001-2) (QTY: 167880 SET/USD 0.151PER SET) | H207: =IFERROR(LEFT(G207, FIND(" ",G207)), "") -> STEEL | I207: {=IFERROR(INDEX(_xlfn.TEXTSPLIT(E207," "),1), "")} -> 73231000 | J207: 8001-2) | K207: {=IF(ISERROR(SEARCH("QTY:", G207)), IF(ISERROR(SEARCH("TOTAL ", G207)), Raw [1]Data!N207, TRIM(MID(G207, SEARCH("TOTAL ", G207)+6, SEARCH(" ", G207&" ", SEARCH("TOTAL ", G207)+6) - SEARCH("TOTAL ", G207) - 6))), TRIM(MID(G207, SEARCH("QTY:", G207)+4, SEARCH(" ", G207, SEARCH("QTY:", G207)+4) - SEARCH("QTY:", G207) - 4)))} | M207: =K207 | N207: =L207 -> 0 | O207: {=IF(ISERROR(SEARCH("USD ", G207)), Raw [1]Data!S207, TRIM(MID(G207, SEARCH("USD ", G207)+4, SEARCH(" ", G207&" ", SEARCH("USD ", G207)+4) - SEARCH("USD ", G207) - 4)))} -> 0.151PER | P207: =O207*M207 -> #VALUE! | Q207: {=Raw [1]Data!P207} -> #NAME? | R207: {=Raw [1]Data!Q207} -> #NAME? | S207: {=Raw [1]Data!T207} -> #NAME? | T207: =S207/M207 -> #NAME? | U207: =IF(R207<>0, (S207/R207)*100, 0) -> #NAME? | V207: =IF(OR(E207=73239990,E207=73231000,E207=73239390),"Steel","Other") -> Other
A208: INNSA1 | B208: 2024-06-24 | C208: =YEAR(B208) -> 2024 | D208: 0301049751 | E208: 73239990 | F208: =LEFT(E208,2) -> 73 | G208: STEEL HANGER 10PCS SET (SY772-42) (QTY: 5040 SET/USD 1.2517PER SET) | H208: =IFERROR(LEFT(G208, FIND(" ",G208)), "") -> STEEL | I208: {=IFERROR(INDEX(_xlfn.TEXTSPLIT(E208," "),1), "")} -> 73239990 | J208: SY772-42) | K208: {=IF(ISERROR(SEARCH("QTY:", G208)), IF(ISERROR(SEARCH("TOTAL ", G208)), Raw [1]Data!N208, TRIM(MID(G208, SEARCH("TOTAL ", G208)+6, SEARCH(" ", G208&" ", SEARCH("TOTAL ", G208)+6) - SEARCH("TOTAL ", G208) - 6))), TRIM(MID(G208, SEARCH("QTY:", G208)+4, SEARCH(" ", G208, SEARCH("QTY:", G208)+4) - SEARCH("QTY:", G208) - 4)))} | M208: =K208 | N208: =L208 -> 0 | O208: {=IF(ISERROR(SEARCH("USD ", G208)), Raw [1]Data!S208, TRIM(MID(G208, SEARCH("USD ", G208)+4, SEARCH(" ", G208&" ", SEARCH("USD ", G208)+4) - SEARCH("USD ", G208) - 4)))} -> 1.2517PER | P208: =O208*M208 -> #VALUE! | Q208: {=Raw [1]Data!P208} -> #NAME? | R208: {=Raw [1]Data!Q208} -> #NAME? | S208: {=Raw [1]Data!T208} -> #NAME? | T208: =S208/M208 -> #NAME? | U208: =IF(R208<>0, (S208/R208)*100, 0) -> #NAME? | V208: =IF(OR(E208=73239990,E208=73231000,E208=73239390),"Steel","Other") -> Other
A209: INNSA1 | B209: 2024-06-22 | C209: =YEAR(B209) -> 2024 | D209: 0301049751 | E209: 73239990 | F209: =LEFT(E209,2) -> 73 | G209: STEEL GIFT BOX HEART SHAPE (GS-47) (QTY: 1008 PCS/USD 0.222PER PCS) | H209: =IFERROR(LEFT(G209, FIND(" ",G209)), "") -> STEEL | I209: {=IFERROR(INDEX(_xlfn.TEXTSPLIT(E209," "),1), "")} -> 73239990 | J209: GS-47) | K209: {=IF(ISERROR(SEARCH("QTY:", G209)), IF(ISERROR(SEARCH("TOTAL ", G209)), Raw [1]Data!N209, TRIM(MID(G209, SEARCH("TOTAL ", G209)+6, SEARCH(" ", G209&" ", SEARCH("TOTAL ", G209)+6) - SEARCH("TOTAL ", G209) - 6))), TRIM(MID(G209, SEARCH("QTY:", G209)+4, SEARCH(" ", G209, SEARCH("QTY:", G209)+4) - SEARCH("QTY:", G209) - 4)))} | M209: =K209 | N209: =L209 -> 0 | O209: {=IF(ISERROR(SEARCH("USD ", G209)), Raw [1]Data!S209, TRIM(MID(G209, SEARCH("USD ", G209)+4, SEARCH(" ", G209&" ", SEARCH("USD ", G209)+4) - SEARCH("USD ", G209) - 4)))} -> 0.222PER | P209: =O209*M209 -> #VALUE! | Q209: {=Raw [1]Data!P209} -> #NAME? | R209: {=Raw [1]Data!Q209} -> #NAME? | S209: {=Raw [1]Data!T209} -> #NAME? | T209: =S209/M209 -> #NAME? | U209: =IF(R209<>0, (S209/R209)*100, 0) -> #NAME? | V209: =IF(OR(E209=73239990,E209=73231000,E209=73239390),"Steel","Other") -> Other
A210: INNSA1 | B210: 2024-06-22 | C210: =YEAR(B210) -> 2024 | D210: 0301049751 | E210: 73239990 | F210: =LEFT(E210,2) -> 73 | G210: STEEL GIFT BOX SQUARE SHAPE (GS-48) (QTY: 480 PCS/USD 0.776PER PCS) | H210: =IFERROR(LEFT(G210, FIND(" ",G210)), "") -> STEEL | I210: {=IFERROR(INDEX(_xlfn.TEXTSPLIT(E210," "),1), "")} -> 73239990 | J210: GS-48) | K210: {=IF(ISERROR(SEARCH("QTY:", G210)), IF(ISERROR(SEARCH("TOTAL ", G210)), Raw [1]Data!N210, TRIM(MID(G210, SEARCH("TOTAL ", G210)+6, SEARCH(" ", G210&" ", SEARCH("TOTAL ", G210)+6) - SEARCH("TOTAL ", G210) - 6))), TRIM(MID(G210, SEARCH("QTY:", G210)+4, SEARCH(" ", G210, SEARCH("QTY:", G210)+4) - SEARCH("QTY:", G210) - 4)))} | M210: =K210 | N210: =L210 -> 0 | O210: {=IF(ISERROR(SEARCH("USD ", G210)), Raw [1]Data!S210, TRIM(MID(G210, SEARCH("USD ", G210)+4, SEARCH(" ", G210&" ", SEARCH("USD ", G210)+4) - SEARCH("USD ", G210) - 4)))} -> 0.776PER | P210: =O210*M210 -> #VALUE! | Q210: {=Raw [1]Data!P210} -> #NAME? | R210: {=Raw [1]Data!Q210} -> #NAME? | S210: {=Raw [1]Data!T210} -> #NAME? | T210: =S210/M210 -> #NAME? | U210: =IF(R210<>0, (S210/R210)*100, 0) -> #NAME? | V210: =IF(OR(E210=73239990,E210=73231000,E210=73239390),"Steel","Other") -> Other
A211: INNSA1 | B211: 2024-06-21 | C211: =YEAR(B211) -> 2024 | D211: 0301049751 | E211: 73239990 | F211: =LEFT(E211,2) -> 73 | G211: STEEL LUNCH BOX (6717) (QTY: 336 NOS/USD 2.960 PER NOS) | H211: =IFERROR(LEFT(G211, FIND(" ",G211)), "") -> STEEL | I211: {=IFERROR(INDEX(_xlfn.TEXTSPLIT(E211," "),1), "")} -> 73239990 | K211: {=IF(ISERROR(SEARCH("QTY:", G211)), IF(ISERROR(SEARCH("TOTAL ", G211)), Raw [1]Data!N211, TRIM(MID(G211, SEARCH("TOTAL ", G211)+6, SEARCH(" ", G211&" ", SEARCH("TOTAL ", G211)+6) - SEARCH("TOTAL ", G211) - 6))), TRIM(MID(G211, SEARCH("QTY:", G211)+4, SEARCH(" ", G211, SEARCH("QTY:", G211)+4) - SEARCH("QTY:", G211) - 4)))} | M211: =K211 | N211: =L211 -> 0 | O211: {=IF(ISERROR(SEARCH("USD ", G211)), Raw [1]Data!S211, TRIM(MID(G211, SEARCH("USD ", G211)+4, SEARCH(" ", G211&" ", SEARCH("USD ", G211)+4) - SEARCH("USD ", G211) - 4)))} -> 2.960 | P211: =O211*M211 -> #VALUE! | Q211: {=Raw [1]Data!P211} -> #NAME? | R211: {=Raw [1]Data!Q211} -> #NAME? | S211: {=Raw [1]Data!T211} -> #NAME? | T211: =S211/M211 -> #NAME? | U211: =IF(R211<>0, (S211/R211)*100, 0) -> #NAME? | V211: =IF(OR(E211=73239990,E211=73231000,E211=73239390),"Steel","Other") -> Other
A212: INNSA1 | B212: 2024-06-21 | C212: =YEAR(B212) -> 2024 | D212: 0301049751 | E212: 73239990 | F212: =LEFT(E212,2) -> 73 | G212: STEEL ROUND CONTAINER (6856) (QTY: 16056 NOS/USD 0.568 PER NOS) | H212: =IFERROR(LEFT(G212, FIND(" ",G212)), "") -> STEEL | I212: {=IFERROR(INDEX(_xlfn.TEXTSPLIT(E212," "),1), "")} -> 73239990 | K212: {=IF(ISERROR(SEARCH("QTY:", G212)), IF(ISERROR(SEARCH("TOTAL ", G212)), Raw [1]Data!N212, TRIM(MID(G212, SEARCH("TOTAL ", G212)+6, SEARCH(" ", G212&" ", SEARCH("TOTAL ", G212)+6) - SEARCH("TOTAL ", G212) - 6))), TRIM(MID(G212, SEARCH("QTY:", G212)+4, SEARCH(" ", G212, SEARCH("QTY:", G212)+4) - SEARCH("QTY:", G212) - 4)))} | M212: =K212 | N212: =L212 -> 0 | O212: {=IF(ISERROR(SEARCH("USD ", G212)), Raw [1]Data!S212, TRIM(MID(G212, SEARCH("USD ", G212)+4, SEARCH(" ", G212&" ", SEARCH("USD ", G212)+4) - SEARCH("USD ", G212) - 4)))} -> 0.568 | P212: =O212*M212 -> #VALUE! | Q212: {=Raw [1]Data!P212} -> #NAME? | R212: {=Raw [1]Data!Q212} -> #NAME? | S212: {=Raw [1]Data!T212} -> #NAME? | T212: =S212/M212 -> #NAME? | U212: =IF(R212<>0, (S212/R212)*100, 0) -> #NAME? | V212: =IF(OR(E212=73239990,E212=73231000,E212=73239390),"Steel","Other") -> Other
A213: INNSA1 | B213: 2024-06-21 | C213: =YEAR(B213) -> 2024 | D213: 0301049751 | E213: 73239990 | F213: =LEFT(E213,2) -> 73 | G213: STEEL ROUND CONTAINER (6857) (QTY: 27984 NOS/USD 0.718 PER NOS) | H213: =IFERROR(LEFT(G213, FIND(" ",G213)), "") -> STEEL | I213: {=IFERROR(INDEX(_xlfn.TEXTSPLIT(E213," "),1), "")} -> 73239990 | K213: {=IF(ISERROR(SEARCH("QTY:", G213)), IF(ISERROR(SEARCH("TOTAL ", G213)), Raw [1]Data!N213, TRIM(MID(G213, SEARCH("TOTAL ", G213)+6, SEARCH(" ", G213&" ", SEARCH("TOTAL ", G213)+6) - SEARCH("TOTAL ", G213) - 6))), TRIM(MID(G213, SEARCH("QTY:", G213)+4, SEARCH(" ", G213, SEARCH("QTY:", G213)+4) - SEARCH("QTY:", G213) - 4)))} | M213: =K213 | N213: =L213 -> 0 | O213: {=IF(ISERROR(SEARCH("USD ", G213)), Raw [1]Data!S213, TRIM(MID(G213, SEARCH("USD ", G213)+4, SEARCH(" ", G213&" ", SEARCH("USD ", G213)+4) - SEARCH("USD ", G213) - 4)))} -> 0.718 | P213: =O213*M213 -> #VALUE! | Q213: {=Raw [1]Data!P213} -> #NAME? | R213: {=Raw [1]Data!Q213} -> #NAME? | S213: {=Raw [1]Data!T213} -> #NAME? | T213: =S213/M213 -> #NAME? | U213: =IF(R213<>0, (S213/R213)*100, 0) -> #NAME? | V213: =IF(OR(E213=73239990,E213=73231000,E213=73239390),"Steel","Other") -> Other
A214: INNSA1 | B214: 2024-06-20 | C214: =YEAR(B214) -> 2024 | D214: 0301049751 | E214: 73231000 | F214: =LEFT(E214,2) -> 73 | G214: SS SCRUBBER 3PCS SET (SS410) (QTY: 120360 SET/USD 0.16 PER SET) | H214: =IFERROR(LEFT(G214, FIND(" ",G214)), "") -> SS | I214: {=IFERROR(INDEX(_xlfn.TEXTSPLIT(E214," "),1), "")} -> 73231000 | J214: SS410) | K214: {=IF(ISERROR(SEARCH("QTY:", G214)), IF(ISERROR(SEARCH("TOTAL ", G214)), Raw [1]Data!N214, TRIM(MID(G214, SEARCH("TOTAL ", G214)+6, SEARCH(" ", G214&" ", SEARCH("TOTAL ", G214)+6) - SEARCH("TOTAL ", G214) - 6))), TRIM(MID(G214, SEARCH("QTY:", G214)+4, SEARCH(" ", G214, SEARCH("QTY:", G214)+4) - SEARCH("QTY:", G214) - 4)))} | M214: =K214 | N214: =L214 -> 0 | O214: {=IF(ISERROR(SEARCH("USD ", G214)), Raw [1]Data!S214, TRIM(MID(G214, SEARCH("USD ", G214)+4, SEARCH(" ", G214&" ", SEARCH("USD ", G214)+4) - SEARCH("USD ", G214) - 4)))} -> 0.16 | P214: =O214*M214 -> #VALUE! | Q214: {=Raw [1]Data!P214} -> #NAME? | R214: {=Raw [1]Data!Q214} -> #NAME? | S214: {=Raw [1]Data!T214} -> #NAME? | T214: =S214/M214 -> #NAME? | U214: =IF(R214<>0, (S214/R214)*100, 0) -> #NAME? | V214: =IF(OR(E214=73239990,E214=73231000,E214=73239390),"Steel","Other") -> Other
A215: INNSA1 | B215: 2024-06-20 | C215: =YEAR(B215) -> 2024 | D215: 0301049751 | E215: 73239990 | F215: =LEFT(E215,2) -> 73 | G215: MILD STEEL MULTI FUNCTION CLOTH STAND (RYX-02-020) (QTY: 1232 NOS/CNY 101 PER NOS) | H215: =IFERROR(LEFT(G215, FIND(" ",G215)), "") -> MILD | I215: {=IFERROR(INDEX(_xlfn.TEXTSPLIT(E215," "),1), "")} -> 73239990 | K215: {=IF(ISERROR(SEARCH("QTY:", G215)), IF(ISERROR(SEARCH("TOTAL ", G215)), Raw [1]Data!N215, TRIM(MID(G215, SEARCH("TOTAL ", G215)+6, SEARCH(" ", G215&" ", SEARCH("TOTAL ", G215)+6) - SEARCH("TOTAL ", G215) - 6))), TRIM(MID(G215, SEARCH("QTY:", G215)+4, SEARCH(" ", G215, SEARCH("QTY:", G215)+4) - SEARCH("QTY:", G215) - 4)))} | M215: =K215 | N215: =L215 -> 0 | O215: {=IF(ISERROR(SEARCH("USD ", G215)), Raw [1]Data!S215, TRIM(MID(G215, SEARCH("USD ", G215)+4, SEARCH(" ", G215&" ", SEARCH("USD ", G215)+4) - SEARCH("USD ", G215) - 4)))} -> #NAME? | P215: =O215*M215 -> #NAME? | Q215: {=Raw [1]Data!P215} -> #NAME? | R215: {=Raw [1]Data!Q215} -> #NAME? | S215: {=Raw [1]Data!T215} -> #NAME? | T215: =S215/M215 -> #NAME? | U215: =IF(R215<>0, (S215/R215)*100, 0) -> #NAME? | V215: =IF(OR(E215=73239990,E215=73231000,E215=73239390),"Steel","Other") -> Other
A216: INNSA1 | B216: 2024-06-17 | C216: =YEAR(B216) -> 2024 | D216: 0301049751 | E216: 73231000 | F216: =LEFT(E216,2) -> 73 | G216: STEEL SCRUBBER 6PCS SET (OKS-4156) (QTY: 98400 SET/USD 0.239PER SET) | H216: =IFERROR(LEFT(G216, FIND(" ",G216)), "") -> STEEL | I216: {=IFERROR(INDEX(_xlfn.TEXTSPLIT(E216," "),1), "")} -> 73231000 | J216: OKS-4156) | K216: {=IF(ISERROR(SEARCH("QTY:", G216)), IF(ISERROR(SEARCH("TOTAL ", G216)), Raw [1]Data!N216, TRIM(MID(G216, SEARCH("TOTAL ", G216)+6, SEARCH(" ", G216&" ", SEARCH("TOTAL ", G216)+6) - SEARCH("TOTAL ", G216) - 6))), TRIM(MID(G216, SEARCH("QTY:", G216)+4, SEARCH(" ", G216, SEARCH("QTY:", G216)+4) - SEARCH("QTY:", G216) - 4)))} | M216: =K216 | N216: =L216 -> 0 | O216: {=IF(ISERROR(SEARCH("USD ", G216)), Raw [1]Data!S216, TRIM(MID(G216, SEARCH("USD ", G216)+4, SEARCH(" ", G216&" ", SEARCH("USD ", G216)+4) - SEARCH("USD ", G216) - 4)))} -> 0.239PER | P216: =O216*M216 -> #VALUE! | Q216: {=Raw [1]Data!P216} -> #NAME? | R216: {=Raw [1]Data!Q216} -> #NAME? | S216: {=Raw [1]Data!T216} -> #NAME? | T216: =S216/M216 -> #NAME? | U216: =IF(R216<>0, (S216/R216)*100, 0) -> #NAME? | V216: =IF(OR(E216=73239990,E216=73231000,E216=73239390),"Steel","Other") -> Other
A217: INNSA1 | B217: 2024-06-15 | C217: =YEAR(B217) -> 2024 | D217: 0301049751 | E217: 73231000 | F217: =LEFT(E217,2) -> 73 | G217: STEEL SCRUBBER (8001-2) (QTY: 168000 SET/0.151 PER SET) | H217: =IFERROR(LEFT(G217, FIND(" ",G217)), "") -> STEEL | I217: {=IFERROR(INDEX(_xlfn.TEXTSPLIT(E217," "),1), "")} -> 73231000 | K217: {=IF(ISERROR(SEARCH("QTY:", G217)), IF(ISERROR(SEARCH("TOTAL ", G217)), Raw [1]Data!N217, TRIM(MID(G217, SEARCH("TOTAL ", G217)+6, SEARCH(" ", G217&" ", SEARCH("TOTAL ", G217)+6) - SEARCH("TOTAL ", G217) - 6))), TRIM(MID(G217, SEARCH("QTY:", G217)+4, SEARCH(" ", G217, SEARCH("QTY:", G217)+4) - SEARCH("QTY:", G217) - 4)))} | M217: =K217 | N217: =L217 -> 0 | O217: {=IF(ISERROR(SEARCH("USD ", G217)), Raw [1]Data!S217, TRIM(MID(G217, SEARCH("USD ", G217)+4, SEARCH(" ", G217&" ", SEARCH("USD ", G217)+4) - SEARCH("USD ", G217) - 4)))} -> #NAME? | P217: =O217*M217 -> #NAME? | Q217: {=Raw [1]Data!P217} -> #NAME? | R217: {=Raw [1]Data!Q217} -> #NAME? | S217: {=Raw [1]Data!T217} -> #NAME? | T217: =S217/M217 -> #NAME? | U217: =IF(R217<>0, (S217/R217)*100, 0) -> #NAME? | V217: =IF(OR(E217=73239990,E217=73231000,E217=73239390),"Steel","Other") -> Other
A218: INNSA1 | B218: 2024-06-11 | C218: =YEAR(B218) -> 2024 | D218: 0301049751 | E218: 73239990 | F218: =LEFT(E218,2) -> 73 | G218: STEEL HOOK 4PCS SET (SY604A-4) (QTY: 10200 SET/USD 0.5285 PER SET) | H218: =IFERROR(LEFT(G218, FIND(" ",G218)), "") -> STEEL | I218: {=IFERROR(INDEX(_xlfn.TEXTSPLIT(E218," "),1), "")} -> 73239990 | J218: SY604A-4) | K218: {=IF(ISERROR(SEARCH("QTY:", G218)), IF(ISERROR(SEARCH("TOTAL ", G218)), Raw [1]Data!N218, TRIM(MID(G218, SEARCH("TOTAL ", G218)+6, SEARCH(" ", G218&" ", SEARCH("TOTAL ", G218)+6) - SEARCH("TOTAL ", G218) - 6))), TRIM(MID(G218, SEARCH("QTY:", G218)+4, SEARCH(" ", G218, SEARCH("QTY:", G218)+4) - SEARCH("QTY:", G218) - 4)))} | M218: =K218 | N218: =L218 -> 0 | O218: {=IF(ISERROR(SEARCH("USD ", G218)), Raw [1]Data!S218, TRIM(MID(G218, SEARCH("USD ", G218)+4, SEARCH(" ", G218&" ", SEARCH("USD ", G218)+4) - SEARCH("USD ", G218) - 4)))} -> 0.5285 | P218: =O218*M218 -> #VALUE! | Q218: {=Raw [1]Data!P218} -> #NAME? | R218: {=Raw [1]Data!Q218} -> #NAME? | S218: {=Raw [1]Data!T218} -> #NAME? | T218: =S218/M218 -> #NAME? | U218: =IF(R218<>0, (S218/R218)*100, 0) -> #NAME? | V218: =IF(OR(E218=73239990,E218=73231000,E218=73239390),"Steel","Other") -> Other
A219: INNSA1 | B219: 2024-06-06 | C219: =YEAR(B219) -> 2024 | D219: 0301049751 | E219: 73239990 | F219: =LEFT(E219,2) -> 73 | G219: STEEL SPRINKLER (AM-430) (QTY: 30120 PCS/ USD 0.5744 PER PCS) | H219: =IFERROR(LEFT(G219, FIND(" ",G219)), "") -> STEEL | I219: {=IFERROR(INDEX(_xlfn.TEXTSPLIT(E219," "),1), "")} -> 73239990 | J219: AM-430) | K219: {=IF(ISERROR(SEARCH("QTY:", G219)), IF(ISERROR(SEARCH("TOTAL ", G219)), Raw [1]Data!N219, TRIM(MID(G219, SEARCH("TOTAL ", G219)+6, SEARCH(" ", G219&" ", SEARCH("TOTAL ", G219)+6) - SEARCH("TOTAL ", G219) - 6))), TRIM(MID(G219, SEARCH("QTY:", G219)+4, SEARCH(" ", G219, SEARCH("QTY:", G219)+4) - SEARCH("QTY:", G219) - 4)))} | M219: =K219 | N219: =L219 -> 0 | O219: {=IF(ISERROR(SEARCH("USD ", G219)), Raw [1]Data!S219, TRIM(MID(G219, SEARCH("USD ", G219)+4, SEARCH(" ", G219&" ", SEARCH("USD ", G219)+4) - SEARCH("USD ", G219) - 4)))} -> 0.5744 | P219: =O219*M219 -> #VALUE! | Q219: {=Raw [1]Data!P219} -> #NAME? | R219: {=Raw [1]Data!Q219} -> #NAME? | S219: {=Raw [1]Data!T219} -> #NAME? | T219: =S219/M219 -> #NAME? | U219: =IF(R219<>0, (S219/R219)*100, 0) -> #NAME? | V219: =IF(OR(E219=73239990,E219=73231000,E219=73239390),"Steel","Other") -> Other
A220: INNSA1 | B220: 2024-06-04 | C220: =YEAR(B220) -> 2024 | D220: 0301049751 | E220: 73239990 | F220: =LEFT(E220,2) -> 73 | G220: STEEL ROUND CONTAINER (6857) (QTY: 30936 NOS/USD 0.718 PER NOS) | H220: =IFERROR(LEFT(G220, FIND(" ",G220)), "") -> STEEL | I220: {=IFERROR(INDEX(_xlfn.TEXTSPLIT(E220," "),1), "")} -> 73239990 | K220: {=IF(ISERROR(SEARCH("QTY:", G220)), IF(ISERROR(SEARCH("TOTAL ", G220)), Raw [1]Data!N220, TRIM(MID(G220, SEARCH("TOTAL ", G220)+6, SEARCH(" ", G220&" ", SEARCH("TOTAL ", G220)+6) - SEARCH("TOTAL ", G220) - 6))), TRIM(MID(G220, SEARCH("QTY:", G220)+4, SEARCH(" ", G220, SEARCH("QTY:", G220)+4) - SEARCH("QTY:", G220) - 4)))} | M220: =K220 | N220: =L220 -> 0 | O220: {=IF(ISERROR(SEARCH("USD ", G220)), Raw [1]Data!S220, TRIM(MID(G220, SEARCH("USD ", G220)+4, SEARCH(" ", G220&" ", SEARCH("USD ", G220)+4) - SEARCH("USD ", G220) - 4)))} -> 0.718 | P220: =O220*M220 -> #VALUE! | Q220: {=Raw [1]Data!P220} -> #NAME? | R220: {=Raw [1]Data!Q220} -> #NAME? | S220: {=Raw [1]Data!T220} -> #NAME? | T220: =S220/M220 -> #NAME? | U220: =IF(R220<>0, (S220/R220)*100, 0) -> #NAME? | V220: =IF(OR(E220=73239990,E220=73231000,E220=73239390),"Steel","Other") -> Other
A221: INNSA1 | B221: 2024-06-04 | C221: =YEAR(B221) -> 2024 | D221: 0301049751 | E221: 73239990 | F221: =LEFT(E221,2) -> 73 | G221: STEEL ROUND CONTAINER MEDIUM (6581) (QTY: 79752 NOS/USD 0.875 PER NOS) | H221: =IFERROR(LEFT(G221, FIND(" ",G221)), "") -> STEEL | I221: {=IFERROR(INDEX(_xlfn.TEXTSPLIT(E221," "),1), "")} -> 73239990 | K221: {=IF(ISERROR(SEARCH("QTY:", G221)), IF(ISERROR(SEARCH("TOTAL ", G221)), Raw [1]Data!N221, TRIM(MID(G221, SEARCH("TOTAL ", G221)+6, SEARCH(" ", G221&" ", SEARCH("TOTAL ", G221)+6) - SEARCH("TOTAL ", G221) - 6))), TRIM(MID(G221, SEARCH("QTY:", G221)+4, SEARCH(" ", G221, SEARCH("QTY:", G221)+4) - SEARCH("QTY:", G221) - 4)))} | M221: =K221 | N221: =L221 -> 0 | O221: {=IF(ISERROR(SEARCH("USD ", G221)), Raw [1]Data!S221, TRIM(MID(G221, SEARCH("USD ", G221)+4, SEARCH(" ", G221&" ", SEARCH("USD ", G221)+4) - SEARCH("USD ", G221) - 4)))} -> 0.875 | P221: =O221*M221 -> #VALUE! | Q221: {=Raw [1]Data!P221} -> #NAME? | R221: {=Raw [1]Data!Q221} -> #NAME? | S221: {=Raw [1]Data!T221} -> #NAME? | T221: =S221/M221 -> #NAME? | U221: =IF(R221<>0, (S221/R221)*100, 0) -> #NAME? | V221: =IF(OR(E221=73239990,E221=73231000,E221=73239390),"Steel","Other") -> Other
A222: INNSA1 | B222: 2024-06-01 | C222: =YEAR(B222) -> 2024 | D222: 0301049751 | E222: 73239990 | F222: =LEFT(E222,2) -> 73 | G222: STAINLESS STEEL GRATER WITH HANDLE (KL324H-9S) (QTY: 59040 NOS/USD 0.62 PER NOS) | H222: =IFERROR(LEFT(G222, FIND(" ",G222)), "") -> STAINLESS | I222: {=IFERROR(INDEX(_xlfn.TEXTSPLIT(E222," "),1), "")} -> 73239990 | K222: {=IF(ISERROR(SEARCH("QTY:", G222)), IF(ISERROR(SEARCH("TOTAL ", G222)), Raw [1]Data!N222, TRIM(MID(G222, SEARCH("TOTAL ", G222)+6, SEARCH(" ", G222&" ", SEARCH("TOTAL ", G222)+6) - SEARCH("TOTAL ", G222) - 6))), TRIM(MID(G222, SEARCH("QTY:", G222)+4, SEARCH(" ", G222, SEARCH("QTY:", G222)+4) - SEARCH("QTY:", G222) - 4)))} | M222: =K222 | N222: =L222 -> 0 | O222: {=IF(ISERROR(SEARCH("USD ", G222)), Raw [1]Data!S222, TRIM(MID(G222, SEARCH("USD ", G222)+4, SEARCH(" ", G222&" ", SEARCH("USD ", G222)+4) - SEARCH("USD ", G222) - 4)))} -> 0.62 | P222: =O222*M222 -> #VALUE! | Q222: {=Raw [1]Data!P222} -> #NAME? | R222: {=Raw [1]Data!Q222} -> #NAME? | S222: {=Raw [1]Data!T222} -> #NAME? | T222: =S222/M222 -> #NAME? | U222: =IF(R222<>0, (S222/R222)*100, 0) -> #NAME? | V222: =IF(OR(E222=73239990,E222=73231000,E222=73239390),"Steel","Other") -> Other
A223: INNSA1 | B223: 2024-05-31 | C223: =YEAR(B223) -> 2024 | D223: 0301049751 | E223: 73231000 | F223: =LEFT(E223,2) -> 73 | G223: SS SCRUBBER 3PCS SET (SS410) (QTY: 118560 SET/USD 0.16 PER SET) | H223: =IFERROR(LEFT(G223, FIND(" ",G223)), "") -> SS | I223: {=IFERROR(INDEX(_xlfn.TEXTSPLIT(E223," "),1), "")} -> 73231000 | J223: SS410) | K223: {=IF(ISERROR(SEARCH("QTY:", G223)), IF(ISERROR(SEARCH("TOTAL ", G223)), Raw [1]Data!N223, TRIM(MID(G223, SEARCH("TOTAL ", G223)+6, SEARCH(" ", G223&" ", SEARCH("TOTAL ", G223)+6) - SEARCH("TOTAL ", G223) - 6))), TRIM(MID(G223, SEARCH("QTY:", G223)+4, SEARCH(" ", G223, SEARCH("QTY:", G223)+4) - SEARCH("QTY:", G223) - 4)))} | M223: =K223 | N223: =L223 -> 0 | O223: {=IF(ISERROR(SEARCH("USD ", G223)), Raw [1]Data!S223, TRIM(MID(G223, SEARCH("USD ", G223)+4, SEARCH(" ", G223&" ", SEARCH("USD ", G223)+4) - SEARCH("USD ", G223) - 4)))} -> 0.16 | P223: =O223*M223 -> #VALUE! | Q223: {=Raw [1]Data!P223} -> #NAME? | R223: {=Raw [1]Data!Q223} -> #NAME? | S223: {=Raw [1]Data!T223} -> #NAME? | T223: =S223/M223 -> #NAME? | U223: =IF(R223<>0, (S223/R223)*100, 0) -> #NAME? | V223: =IF(OR(E223=73239990,E223=73231000,E223=73239390),"Steel","Other") -> Other
A224: INNSA1 | B224: 2024-05-28 | C224: =YEAR(B224) -> 2024 | D224: 0301049751 | E224: 73239990 | F224: =LEFT(E224,2) -> 73 | G224: MILD STEEL MULTI FUNCTION CLOTH STAND (RYX-02-021A) (QTY: 6480 NOS/CNY 61.50 PER NOS) | H224: =IFERROR(LEFT(G224, FIND(" ",G224)), "") -> MILD | I224: {=IFERROR(INDEX(_xlfn.TEXTSPLIT(E224," "),1), "")} -> 73239990 | K224: {=IF(ISERROR(SEARCH("QTY:", G224)), IF(ISERROR(SEARCH("TOTAL ", G224)), Raw [1]Data!N224, TRIM(MID(G224, SEARCH("TOTAL ", G224)+6, SEARCH(" ", G224&" ", SEARCH("TOTAL ", G224)+6) - SEARCH("TOTAL ", G224) - 6))), TRIM(MID(G224, SEARCH("QTY:", G224)+4, SEARCH(" ", G224, SEARCH("QTY:", G224)+4) - SEARCH("QTY:", G224) - 4)))} | M224: =K224 | N224: =L224 -> 0 | O224: {=IF(ISERROR(SEARCH("USD ", G224)), Raw [1]Data!S224, TRIM(MID(G224, SEARCH("USD ", G224)+4, SEARCH(" ", G224&" ", SEARCH("USD ", G224)+4) - SEARCH("USD ", G224) - 4)))} -> #NAME? | P224: =O224*M224 -> #NAME? | Q224: {=Raw [1]Data!P224} -> #NAME? | R224: {=Raw [1]Data!Q224} -> #NAME? | S224: {=Raw [1]Data!T224} -> #NAME? | T224: =S224/M224 -> #NAME? | U224: =IF(R224<>0, (S224/R224)*100, 0) -> #NAME? | V224: =IF(OR(E224=73239990,E224=73231000,E224=73239390),"Steel","Other") -> Other
A225: INNSA1 | B225: 2024-05-28 | C225: =YEAR(B225) -> 2024 | D225: 0301049751 | E225: 73239990 | F225: =LEFT(E225,2) -> 73 | G225: MILD STEEL MULTI FUNCTION CLOTH STAND (RYX-02-020) (QTY: 1232 NOS/CNY 100 PER CNY) | H225: =IFERROR(LEFT(G225, FIND(" ",G225)), "") -> MILD | I225: {=IFERROR(INDEX(_xlfn.TEXTSPLIT(E225," "),1), "")} -> 73239990 | K225: {=IF(ISERROR(SEARCH("QTY:", G225)), IF(ISERROR(SEARCH("TOTAL ", G225)), Raw [1]Data!N225, TRIM(MID(G225, SEARCH("TOTAL ", G225)+6, SEARCH(" ", G225&" ", SEARCH("TOTAL ", G225)+6) - SEARCH("TOTAL ", G225) - 6))), TRIM(MID(G225, SEARCH("QTY:", G225)+4, SEARCH(" ", G225, SEARCH("QTY:", G225)+4) - SEARCH("QTY:", G225) - 4)))} | M225: =K225 | N225: =L225 -> 0 | O225: {=IF(ISERROR(SEARCH("USD ", G225)), Raw [1]Data!S225, TRIM(MID(G225, SEARCH("USD ", G225)+4, SEARCH(" ", G225&" ", SEARCH("USD ", G225)+4) - SEARCH("USD ", G225) - 4)))} -> #NAME? | P225: =O225*M225 -> #NAME? | Q225: {=Raw [1]Data!P225} -> #NAME? | R225: {=Raw [1]Data!Q225} -> #NAME? | S225: {=Raw [1]Data!T225} -> #NAME? | T225: =S225/M225 -> #NAME? | U225: =IF(R225<>0, (S225/R225)*100, 0) -> #NAME? | V225: =IF(OR(E225=73239990,E225=73231000,E225=73239390),"Steel","Other") -> Other
A226: INNSA1 | B226: 2024-05-24 | C226: =YEAR(B226) -> 2024 | D226: 0301049751 | E226: 73239990 | F226: =LEFT(E226,2) -> 73 | G226: HOUSEHOLD STEEL HOOK 3PCS SET (3888) (QTY: 208992 SET/USD 0.265 PER SET) | H226: =IFERROR(LEFT(G226, FIND(" ",G226)), "") -> HOUSEHOLD | I226: {=IFERROR(INDEX(_xlfn.TEXTSPLIT(E226," "),1), "")} -> 73239990 | J226: 3888) | K226: {=IF(ISERROR(SEARCH("QTY:", G226)), IF(ISERROR(SEARCH("TOTAL ", G226)), Raw [1]Data!N226, TRIM(MID(G226, SEARCH("TOTAL ", G226)+6, SEARCH(" ", G226&" ", SEARCH("TOTAL ", G226)+6) - SEARCH("TOTAL ", G226) - 6))), TRIM(MID(G226, SEARCH("QTY:", G226)+4, SEARCH(" ", G226, SEARCH("QTY:", G226)+4) - SEARCH("QTY:", G226) - 4)))} | M226: =K226 | N226: =L226 -> 0 | O226: {=IF(ISERROR(SEARCH("USD ", G226)), Raw [1]Data!S226, TRIM(MID(G226, SEARCH("USD ", G226)+4, SEARCH(" ", G226&" ", SEARCH("USD ", G226)+4) - SEARCH("USD ", G226) - 4)))} -> 0.265 | P226: =O226*M226 -> #VALUE! | Q226: {=Raw [1]Data!P226} -> #NAME? | R226: {=Raw [1]Data!Q226} -> #NAME? | S226: {=Raw [1]Data!T226} -> #NAME? | T226: =S226/M226 -> #NAME? | U226: =IF(R226<>0, (S226/R226)*100, 0) -> #NAME? | V226: =IF(OR(E226=73239990,E226=73231000,E226=73239390),"Steel","Other") -> Other
A227: INNSA1 | B227: 2024-05-23 | C227: =YEAR(B227) -> 2024 | D227: 0301049751 | E227: 73239990 | F227: =LEFT(E227,2) -> 73 | G227: STEEL TEA STRAINER (AM-603) (QTY: 10080 PCS/USD 0.5547 PER PCS) | H227: =IFERROR(LEFT(G227, FIND(" ",G227)), "") -> STEEL | I227: {=IFERROR(INDEX(_xlfn.TEXTSPLIT(E227," "),1), "")} -> 73239990 | K227: {=IF(ISERROR(SEARCH("QTY:", G227)), IF(ISERROR(SEARCH("TOTAL ", G227)), Raw [1]Data!N227, TRIM(MID(G227, SEARCH("TOTAL ", G227)+6, SEARCH(" ", G227&" ", SEARCH("TOTAL ", G227)+6) - SEARCH("TOTAL ", G227) - 6))), TRIM(MID(G227, SEARCH("QTY:", G227)+4, SEARCH(" ", G227, SEARCH("QTY:", G227)+4) - SEARCH("QTY:", G227) - 4)))} | M227: =K227 | N227: =L227 -> 0 | O227: {=IF(ISERROR(SEARCH("USD ", G227)), Raw [1]Data!S227, TRIM(MID(G227, SEARCH("USD ", G227)+4, SEARCH(" ", G227&" ", SEARCH("USD ", G227)+4) - SEARCH("USD ", G227) - 4)))} -> 0.5547 | P227: =O227*M227 -> #VALUE! | Q227: {=Raw [1]Data!P227} -> #NAME? | R227: {=Raw [1]Data!Q227} -> #NAME? | S227: {=Raw [1]Data!T227} -> #NAME? | T227: =S227/M227 -> #NAME? | U227: =IF(R227<>0, (S227/R227)*100, 0) -> #NAME? | V227: =IF(OR(E227=73239990,E227=73231000,E227=73239390),"Steel","Other") -> Other
A228: INNSA1 | B228: 2024-05-23 | C228: =YEAR(B228) -> 2024 | D228: 0301049751 | E228: 73239990 | F228: =LEFT(E228,2) -> 73 | G228: STEEL HAND BLENDER (AM-474) (QTY: 15000 PCS/USD 0.6518 PER PCS) | H228: =IFERROR(LEFT(G228, FIND(" ",G228)), "") -> STEEL | I228: {=IFERROR(INDEX(_xlfn.TEXTSPLIT(E228," "),1), "")} -> 73239990 | K228: {=IF(ISERROR(SEARCH("QTY:", G228)), IF(ISERROR(SEARCH("TOTAL ", G228)), Raw [1]Data!N228, TRIM(MID(G228, SEARCH("TOTAL ", G228)+6, SEARCH(" ", G228&" ", SEARCH("TOTAL ", G228)+6) - SEARCH("TOTAL ", G228) - 6))), TRIM(MID(G228, SEARCH("QTY:", G228)+4, SEARCH(" ", G228, SEARCH("QTY:", G228)+4) - SEARCH("QTY:", G228) - 4)))} | M228: =K228 | N228: =L228 -> 0 | O228: {=IF(ISERROR(SEARCH("USD ", G228)), Raw [1]Data!S228, TRIM(MID(G228, SEARCH("USD ", G228)+4, SEARCH(" ", G228&" ", SEARCH("USD ", G228)+4) - SEARCH("USD ", G228) - 4)))} -> 0.6518 | P228: =O228*M228 -> #VALUE! | Q228: {=Raw [1]Data!P228} -> #NAME? | R228: {=Raw [1]Data!Q228} -> #NAME? | S228: {=Raw [1]Data!T228} -> #NAME? | T228: =S228/M228 -> #NAME? | U228: =IF(R228<>0, (S228/R228)*100, 0) -> #NAME? | V228: =IF(OR(E228=73239990,E228=73231000,E228=73239390),"Steel","Other") -> Other
A229: INNSA1 | B229: 2024-05-23 | C229: =YEAR(B229) -> 2024 | D229: 0301049751 | E229: 73239990 | F229: =LEFT(E229,2) -> 73 | G229: STEEK HANGER WITH HOOK (AM-624) (QTY: 1440 PCS/USD 0.3190 PER PCS) | H229: =IFERROR(LEFT(G229, FIND(" ",G229)), "") -> STEEK | I229: {=IFERROR(INDEX(_xlfn.TEXTSPLIT(E229," "),1), "")} -> 73239990 | K229: {=IF(ISERROR(SEARCH("QTY:", G229)), IF(ISERROR(SEARCH("TOTAL ", G229)), Raw [1]Data!N229, TRIM(MID(G229, SEARCH("TOTAL ", G229)+6, SEARCH(" ", G229&" ", SEARCH("TOTAL ", G229)+6) - SEARCH("TOTAL ", G229) - 6))), TRIM(MID(G229, SEARCH("QTY:", G229)+4, SEARCH(" ", G229, SEARCH("QTY:", G229)+4) - SEARCH("QTY:", G229) - 4)))} | M229: =K229 | N229: =L229 -> 0 | O229: {=IF(ISERROR(SEARCH("USD ", G229)), Raw [1]Data!S229, TRIM(MID(G229, SEARCH("USD ", G229)+4, SEARCH(" ", G229&" ", SEARCH("USD ", G229)+4) - SEARCH("USD ", G229) - 4)))} -> 0.3190 | P229: =O229*M229 -> #VALUE! | Q229: {=Raw [1]Data!P229} -> #NAME? | R229: {=Raw [1]Data!Q229} -> #NAME? | S229: {=Raw [1]Data!T229} -> #NAME? | T229: =S229/M229 -> #NAME? | U229: =IF(R229<>0, (S229/R229)*100, 0) -> #NAME? | V229: =IF(OR(E229=73239990,E229=73231000,E229=73239390),"Steel","Other") -> Other
A230: INNSA1 | B230: 2024-05-23 | C230: =YEAR(B230) -> 2024 | D230: 0301049751 | E230: 73231000 | F230: =LEFT(E230,2) -> 73 | G230: STEEL SCRUBBER 2PCS SET (8001-2) (QTY: 168000 SET/USD 0.151PER SET) | H230: =IFERROR(LEFT(G230, FIND(" ",G230)), "") -> STEEL | I230: {=IFERROR(INDEX(_xlfn.TEXTSPLIT(E230," "),1), "")} -> 73231000 | J230: 8001-2) | K230: {=IF(ISERROR(SEARCH("QTY:", G230)), IF(ISERROR(SEARCH("TOTAL ", G230)), Raw [1]Data!N230, TRIM(MID(G230, SEARCH("TOTAL ", G230)+6, SEARCH(" ", G230&" ", SEARCH("TOTAL ", G230)+6) - SEARCH("TOTAL ", G230) - 6))), TRIM(MID(G230, SEARCH("QTY:", G230)+4, SEARCH(" ", G230, SEARCH("QTY:", G230)+4) - SEARCH("QTY:", G230) - 4)))} | M230: =K230 | N230: =L230 -> 0 | O230: {=IF(ISERROR(SEARCH("USD ", G230)), Raw [1]Data!S230, TRIM(MID(G230, SEARCH("USD ", G230)+4, SEARCH(" ", G230&" ", SEARCH("USD ", G230)+4) - SEARCH("USD ", G230) - 4)))} -> 0.151PER | P230: =O230*M230 -> #VALUE! | Q230: {=Raw [1]Data!P230} -> #NAME? | R230: {=Raw [1]Data!Q230} -> #NAME? | S230: {=Raw [1]Data!T230} -> #NAME? | T230: =S230/M230 -> #NAME? | U230: =IF(R230<>0, (S230/R230)*100, 0) -> #NAME? | V230: =IF(OR(E230=73239990,E230=73231000,E230=73239390),"Steel","Other") -> Other
A231: INNSA1 | B231: 2024-05-23 | C231: =YEAR(B231) -> 2024 | D231: 0301049751 | E231: 73239990 | F231: =LEFT(E231,2) -> 73 | G231: STEEL TEA STRAINER (NP-55) (QTY: 50400 PCS/USD 0.2787 PER PCS) | H231: =IFERROR(LEFT(G231, FIND(" ",G231)), "") -> STEEL | I231: {=IFERROR(INDEX(_xlfn.TEXTSPLIT(E231," "),1), "")} -> 73239990 | J231: QTY: 5 | K231: {=IF(ISERROR(SEARCH("QTY:", G231)), IF(ISERROR(SEARCH("TOTAL ", G231)), Raw [1]Data!N231, TRIM(MID(G231, SEARCH("TOTAL ", G231)+6, SEARCH(" ", G231&" ", SEARCH("TOTAL ", G231)+6) - SEARCH("TOTAL ", G231) - 6))), TRIM(MID(G231, SEARCH("QTY:", G231)+4, SEARCH(" ", G231, SEARCH("QTY:", G231)+4) - SEARCH("QTY:", G231) - 4)))} | M231: =K231 | N231: =L231 -> 0 | O231: {=IF(ISERROR(SEARCH("USD ", G231)), Raw [1]Data!S231, TRIM(MID(G231, SEARCH("USD ", G231)+4, SEARCH(" ", G231&" ", SEARCH("USD ", G231)+4) - SEARCH("USD ", G231) - 4)))} -> 0.2787 | P231: =O231*M231 -> #VALUE! | Q231: {=Raw [1]Data!P231} -> #NAME? | R231: {=Raw [1]Data!Q231} -> #NAME? | S231: {=Raw [1]Data!T231} -> #NAME? | T231: =S231/M231 -> #NAME? | U231: =IF(R231<>0, (S231/R231)*100, 0) -> #NAME? | V231: =IF(OR(E231=73239990,E231=73231000,E231=73239390),"Steel","Other") -> Other
A232: INNSA1 | B232: 2024-05-23 | C232: =YEAR(B232) -> 2024 | D232: 0301049751 | E232: 73239990 | F232: =LEFT(E232,2) -> 73 | G232: STEEL HANGER (AM-625) (QTY: 750 PCS/USD 0.5825 PER PCS) | H232: =IFERROR(LEFT(G232, FIND(" ",G232)), "") -> STEEL | I232: {=IFERROR(INDEX(_xlfn.TEXTSPLIT(E232," "),1), "")} -> 73239990 | K232: {=IF(ISERROR(SEARCH("QTY:", G232)), IF(ISERROR(SEARCH("TOTAL ", G232)), Raw [1]Data!N232, TRIM(MID(G232, SEARCH("TOTAL ", G232)+6, SEARCH(" ", G232&" ", SEARCH("TOTAL ", G232)+6) - SEARCH("TOTAL ", G232) - 6))), TRIM(MID(G232, SEARCH("QTY:", G232)+4, SEARCH(" ", G232, SEARCH("QTY:", G232)+4) - SEARCH("QTY:", G232) - 4)))} | M232: =K232 | N232: =L232 -> 0 | O232: {=IF(ISERROR(SEARCH("USD ", G232)), Raw [1]Data!S232, TRIM(MID(G232, SEARCH("USD ", G232)+4, SEARCH(" ", G232&" ", SEARCH("USD ", G232)+4) - SEARCH("USD ", G232) - 4)))} -> 0.5825 | P232: =O232*M232 -> #VALUE! | Q232: {=Raw [1]Data!P232} -> #NAME? | R232: {=Raw [1]Data!Q232} -> #NAME? | S232: {=Raw [1]Data!T232} -> #NAME? | T232: =S232/M232 -> #NAME? | U232: =IF(R232<>0, (S232/R232)*100, 0) -> #NAME? | V232: =IF(OR(E232=73239990,E232=73231000,E232=73239390),"Steel","Other") -> Other
A233: INNSA1 | B233: 2024-05-23 | C233: =YEAR(B233) -> 2024 | D233: 0301049751 | E233: 73239990 | F233: =LEFT(E233,2) -> 73 | G233: STEEL FOLDABLE HANGER (AM-623) (QTY: 360 PCS/USD 1.0540 PERPCS) | H233: =IFERROR(LEFT(G233, FIND(" ",G233)), "") -> STEEL | I233: {=IFERROR(INDEX(_xlfn.TEXTSPLIT(E233," "),1), "")} -> 73239990 | K233: {=IF(ISERROR(SEARCH("QTY:", G233)), IF(ISERROR(SEARCH("TOTAL ", G233)), Raw [1]Data!N233, TRIM(MID(G233, SEARCH("TOTAL ", G233)+6, SEARCH(" ", G233&" ", SEARCH("TOTAL ", G233)+6) - SEARCH("TOTAL ", G233) - 6))), TRIM(MID(G233, SEARCH("QTY:", G233)+4, SEARCH(" ", G233, SEARCH("QTY:", G233)+4) - SEARCH("QTY:", G233) - 4)))} | M233: =K233 | N233: =L233 -> 0 | O233: {=IF(ISERROR(SEARCH("USD ", G233)), Raw [1]Data!S233, TRIM(MID(G233, SEARCH("USD ", G233)+4, SEARCH(" ", G233&" ", SEARCH("USD ", G233)+4) - SEARCH("USD ", G233) - 4)))} -> 1.0540 | P233: =O233*M233 -> #VALUE! | Q233: {=Raw [1]Data!P233} -> #NAME? | R233: {=Raw [1]Data!Q233} -> #NAME? | S233: {=Raw [1]Data!T233} -> #NAME? | T233: =S233/M233 -> #NAME? | U233: =IF(R233<>0, (S233/R233)*100, 0) -> #NAME? | V233: =IF(OR(E233=73239990,E233=73231000,E233=73239390),"Steel","Other") -> Other
A234: INNSA1 | B234: 2024-05-22 | C234: =YEAR(B234) -> 2024 | D234: 0301049751 | E234: 73239990 | F234: =LEFT(E234,2) -> 73 | G234: STEEL SALT BOTTLE (NP-19) (QTY: 18000 PCS / USD : 0.4450 PER PCS) | H234: =IFERROR(LEFT(G234, FIND(" ",G234)), "") -> STEEL | I234: {=IFERROR(INDEX(_xlfn.TEXTSPLIT(E234," "),1), "")} -> 73239990 | J234: QTY: 1 | K234: {=IF(ISERROR(SEARCH("QTY:", G234)), IF(ISERROR(SEARCH("TOTAL ", G234)), Raw [1]Data!N234, TRIM(MID(G234, SEARCH("TOTAL ", G234)+6, SEARCH(" ", G234&" ", SEARCH("TOTAL ", G234)+6) - SEARCH("TOTAL ", G234) - 6))), TRIM(MID(G234, SEARCH("QTY:", G234)+4, SEARCH(" ", G234, SEARCH("QTY:", G234)+4) - SEARCH("QTY:", G234) - 4)))} | M234: =K234 | N234: =L234 -> 0 | O234: {=IF(ISERROR(SEARCH("USD ", G234)), Raw [1]Data!S234, TRIM(MID(G234, SEARCH("USD ", G234)+4, SEARCH(" ", G234&" ", SEARCH("USD ", G234)+4) - SEARCH("USD ", G234) - 4)))} -> : | P234: =O234*M234 -> #VALUE! | Q234: {=Raw [1]Data!P234} -> #NAME? | R234: {=Raw [1]Data!Q234} -> #NAME? | S234: {=Raw [1]Data!T234} -> #NAME? | T234: =S234/M234 -> #NAME? | U234: =IF(R234<>0, (S234/R234)*100, 0) -> #NAME? | V234: =IF(OR(E234=73239990,E234=73231000,E234=73239390),"Steel","Other") -> Other
A235: INNSA1 | B235: 2024-05-22 | C235: =YEAR(B235) -> 2024 | D235: 0301049751 | E235: 73239990 | F235: =LEFT(E235,2) -> 73 | G235: STEEL BASKET SMALL (SY-845-3) (QTY: 7600 PCS / USD : 0.9666PER PCS) | H235: =IFERROR(LEFT(G235, FIND(" ",G235)), "") -> STEEL | I235: {=IFERROR(INDEX(_xlfn.TEXTSPLIT(E235," "),1), "")} -> 73239990 | K235: {=IF(ISERROR(SEARCH("QTY:", G235)), IF(ISERROR(SEARCH("TOTAL ", G235)), Raw [1]Data!N235, TRIM(MID(G235, SEARCH("TOTAL ", G235)+6, SEARCH(" ", G235&" ", SEARCH("TOTAL ", G235)+6) - SEARCH("TOTAL ", G235) - 6))), TRIM(MID(G235, SEARCH("QTY:", G235)+4, SEARCH(" ", G235, SEARCH("QTY:", G235)+4) - SEARCH("QTY:", G235) - 4)))} | M235: =K235 | N235: =L235 -> 0 | O235: {=IF(ISERROR(SEARCH("USD ", G235)), Raw [1]Data!S235, TRIM(MID(G235, SEARCH("USD ", G235)+4, SEARCH(" ", G235&" ", SEARCH("USD ", G235)+4) - SEARCH("USD ", G235) - 4)))} -> : | P235: =O235*M235 -> #VALUE! | Q235: {=Raw [1]Data!P235} -> #NAME? | R235: {=Raw [1]Data!Q235} -> #NAME? | S235: {=Raw [1]Data!T235} -> #NAME? | T235: =S235/M235 -> #NAME? | U235: =IF(R235<>0, (S235/R235)*100, 0) -> #NAME? | V235: =IF(OR(E235=73239990,E235=73231000,E235=73239390),"Steel","Other") -> Other
A236: INNSA1 | B236: 2024-05-22 | C236: =YEAR(B236) -> 2024 | D236: 0301049751 | E236: 73239990 | F236: =LEFT(E236,2) -> 73 | G236: SLEEL GRATER (SY320F) (QTY: 25200 PCS/USD 0.3755 PER PCS) | H236: =IFERROR(LEFT(G236, FIND(" ",G236)), "") -> SLEEL | I236: {=IFERROR(INDEX(_xlfn.TEXTSPLIT(E236," "),1), "")} -> 73239990 | K236: {=IF(ISERROR(SEARCH("QTY:", G236)), IF(ISERROR(SEARCH("TOTAL ", G236)), Raw [1]Data!N236, TRIM(MID(G236, SEARCH("TOTAL ", G236)+6, SEARCH(" ", G236&" ", SEARCH("TOTAL ", G236)+6) - SEARCH("TOTAL ", G236) - 6))), TRIM(MID(G236, SEARCH("QTY:", G236)+4, SEARCH(" ", G236, SEARCH("QTY:", G236)+4) - SEARCH("QTY:", G236) - 4)))} | M236: =K236 | N236: =L236 -> 0 | O236: {=IF(ISERROR(SEARCH("USD ", G236)), Raw [1]Data!S236, TRIM(MID(G236, SEARCH("USD ", G236)+4, SEARCH(" ", G236&" ", SEARCH("USD ", G236)+4) - SEARCH("USD ", G236) - 4)))} -> 0.3755 | P236: =O236*M236 -> #VALUE! | Q236: {=Raw [1]Data!P236} -> #NAME? | R236: {=Raw [1]Data!Q236} -> #NAME? | S236: {=Raw [1]Data!T236} -> #NAME? | T236: =S236/M236 -> #NAME? | U236: =IF(R236<>0, (S236/R236)*100, 0) -> #NAME? | V236: =IF(OR(E236=73239990,E236=73231000,E236=73239390),"Steel","Other") -> Other
A237: INNSA1 | B237: 2024-05-22 | C237: =YEAR(B237) -> 2024 | D237: 0301049751 | E237: 73239390 | F237: =LEFT(E237,2) -> 73 | G237: NON STICK SAUCE PAN 16CM (AN-02) (QTY: 18210 PCS/USD 0.5674PER PCS) | H237: =IFERROR(LEFT(G237, FIND(" ",G237)), "") -> NON | I237: {=IFERROR(INDEX(_xlfn.TEXTSPLIT(E237," "),1), "")} -> 73239390 | J237: AN-02) | K237: {=IF(ISERROR(SEARCH("QTY:", G237)), IF(ISERROR(SEARCH("TOTAL ", G237)), Raw [1]Data!N237, TRIM(MID(G237, SEARCH("TOTAL ", G237)+6, SEARCH(" ", G237&" ", SEARCH("TOTAL ", G237)+6) - SEARCH("TOTAL ", G237) - 6))), TRIM(MID(G237, SEARCH("QTY:", G237)+4, SEARCH(" ", G237, SEARCH("QTY:", G237)+4) - SEARCH("QTY:", G237) - 4)))} | M237: =K237 | N237: =L237 -> 0 | O237: {=IF(ISERROR(SEARCH("USD ", G237)), Raw [1]Data!S237, TRIM(MID(G237, SEARCH("USD ", G237)+4, SEARCH(" ", G237&" ", SEARCH("USD ", G237)+4) - SEARCH("USD ", G237) - 4)))} -> 0.5674PER | P237: =O237*M237 -> #VALUE! | Q237: {=Raw [1]Data!P237} -> #NAME? | R237: {=Raw [1]Data!Q237} -> #NAME? | S237: {=Raw [1]Data!T237} -> #NAME? | T237: =S237/M237 -> #NAME? | U237: =IF(R237<>0, (S237/R237)*100, 0) -> #NAME? | V237: =IF(OR(E237=73239990,E237=73231000,E237=73239390),"Steel","Other") -> Other
A238: INNSA1 | B238: 2024-05-22 | C238: =YEAR(B238) -> 2024 | D238: 0301049751 | E238: 73239990 | F238: =LEFT(E238,2) -> 73 | G238: STEEL BASKET SMALL (SY-845-3) (QTY: 840 PCS/USD 0.9666 PER PCS) | H238: =IFERROR(LEFT(G238, FIND(" ",G238)), "") -> STEEL | I238: {=IFERROR(INDEX(_xlfn.TEXTSPLIT(E238," "),1), "")} -> 73239990 | K238: {=IF(ISERROR(SEARCH("QTY:", G238)), IF(ISERROR(SEARCH("TOTAL ", G238)), Raw [1]Data!N238, TRIM(MID(G238, SEARCH("TOTAL ", G238)+6, SEARCH(" ", G238&" ", SEARCH("TOTAL ", G238)+6) - SEARCH("TOTAL ", G238) - 6))), TRIM(MID(G238, SEARCH("QTY:", G238)+4, SEARCH(" ", G238, SEARCH("QTY:", G238)+4) - SEARCH("QTY:", G238) - 4)))} | M238: =K238 | N238: =L238 -> 0 | O238: {=IF(ISERROR(SEARCH("USD ", G238)), Raw [1]Data!S238, TRIM(MID(G238, SEARCH("USD ", G238)+4, SEARCH(" ", G238&" ", SEARCH("USD ", G238)+4) - SEARCH("USD ", G238) - 4)))} -> 0.9666 | P238: =O238*M238 -> #VALUE! | Q238: {=Raw [1]Data!P238} -> #NAME? | R238: {=Raw [1]Data!Q238} -> #NAME? | S238: {=Raw [1]Data!T238} -> #NAME? | T238: =S238/M238 -> #NAME? | U238: =IF(R238<>0, (S238/R238)*100, 0) -> #NAME? | V238: =IF(OR(E238=73239990,E238=73231000,E238=73239390),"Steel","Other") -> Other
A239: INNSA1 | B239: 2024-05-22 | C239: =YEAR(B239) -> 2024 | D239: 0301049751 | E239: 73239990 | F239: =LEFT(E239,2) -> 73 | G239: STEEL HAND BLENDER (AM-474) (QTY: 15000 PCS/USD 0.6536 PER PCS) | H239: =IFERROR(LEFT(G239, FIND(" ",G239)), "") -> STEEL | I239: {=IFERROR(INDEX(_xlfn.TEXTSPLIT(E239," "),1), "")} -> 73239990 | K239: {=IF(ISERROR(SEARCH("QTY:", G239)), IF(ISERROR(SEARCH("TOTAL ", G239)), Raw [1]Data!N239, TRIM(MID(G239, SEARCH("TOTAL ", G239)+6, SEARCH(" ", G239&" ", SEARCH("TOTAL ", G239)+6) - SEARCH("TOTAL ", G239) - 6))), TRIM(MID(G239, SEARCH("QTY:", G239)+4, SEARCH(" ", G239, SEARCH("QTY:", G239)+4) - SEARCH("QTY:", G239) - 4)))} | M239: =K239 | N239: =L239 -> 0 | O239: {=IF(ISERROR(SEARCH("USD ", G239)), Raw [1]Data!S239, TRIM(MID(G239, SEARCH("USD ", G239)+4, SEARCH(" ", G239&" ", SEARCH("USD ", G239)+4) - SEARCH("USD ", G239) - 4)))} -> 0.6536 | P239: =O239*M239 -> #VALUE! | Q239: {=Raw [1]Data!P239} -> #NAME? | R239: {=Raw [1]Data!Q239} -> #NAME? | S239: {=Raw [1]Data!T239} -> #NAME? | T239: =S239/M239 -> #NAME? | U239: =IF(R239<>0, (S239/R239)*100, 0) -> #NAME? | V239: =IF(OR(E239=73239990,E239=73231000,E239=73239390),"Steel","Other") -> Other
A240: INNSA1 | B240: 2024-05-22 | C240: =YEAR(B240) -> 2024 | D240: 0301049751 | E240: 73239990 | F240: =LEFT(E240,2) -> 73 | G240: STEEL SOAP DISPENSER (SY-XL8168) (QTY: 2040 PCS / USD : 2.3504 PER PCS) | H240: =IFERROR(LEFT(G240, FIND(" ",G240)), "") -> STEEL | I240: {=IFERROR(INDEX(_xlfn.TEXTSPLIT(E240," "),1), "")} -> 73239990 | J240: SY-XL8168) | K240: {=IF(ISERROR(SEARCH("QTY:", G240)), IF(ISERROR(SEARCH("TOTAL ", G240)), Raw [1]Data!N240, TRIM(MID(G240, SEARCH("TOTAL ", G240)+6, SEARCH(" ", G240&" ", SEARCH("TOTAL ", G240)+6) - SEARCH("TOTAL ", G240) - 6))), TRIM(MID(G240, SEARCH("QTY:", G240)+4, SEARCH(" ", G240, SEARCH("QTY:", G240)+4) - SEARCH("QTY:", G240) - 4)))} | M240: =K240 | N240: =L240 -> 0 | O240: {=IF(ISERROR(SEARCH("USD ", G240)), Raw [1]Data!S240, TRIM(MID(G240, SEARCH("USD ", G240)+4, SEARCH(" ", G240&" ", SEARCH("USD ", G240)+4) - SEARCH("USD ", G240) - 4)))} -> : | P240: =O240*M240 -> #VALUE! | Q240: {=Raw [1]Data!P240} -> #NAME? | R240: {=Raw [1]Data!Q240} -> #NAME? | S240: {=Raw [1]Data!T240} -> #NAME? | T240: =S240/M240 -> #NAME? | U240: =IF(R240<>0, (S240/R240)*100, 0) -> #NAME? | V240: =IF(OR(E240=73239990,E240=73231000,E240=73239390),"Steel","Other") -> Other
A241: INNSA1 | B241: 2024-05-22 | C241: =YEAR(B241) -> 2024 | D241: 0301049751 | E241: 73239990 | F241: =LEFT(E241,2) -> 73 | G241: STEEL FRUIT BASKET (SD1078-B) (QTY: 20160 PCS/USD 0.8762 PERPCS) | H241: =IFERROR(LEFT(G241, FIND(" ",G241)), "") -> STEEL | I241: {=IFERROR(INDEX(_xlfn.TEXTSPLIT(E241," "),1), "")} -> 73239990 | K241: {=IF(ISERROR(SEARCH("QTY:", G241)), IF(ISERROR(SEARCH("TOTAL ", G241)), Raw [1]Data!N241, TRIM(MID(G241, SEARCH("TOTAL ", G241)+6, SEARCH(" ", G241&" ", SEARCH("TOTAL ", G241)+6) - SEARCH("TOTAL ", G241) - 6))), TRIM(MID(G241, SEARCH("QTY:", G241)+4, SEARCH(" ", G241, SEARCH("QTY:", G241)+4) - SEARCH("QTY:", G241) - 4)))} | M241: =K241 | N241: =L241 -> 0 | O241: {=IF(ISERROR(SEARCH("USD ", G241)), Raw [1]Data!S241, TRIM(MID(G241, SEARCH("USD ", G241)+4, SEARCH(" ", G241&" ", SEARCH("USD ", G241)+4) - SEARCH("USD ", G241) - 4)))} -> 0.8762 | P241: =O241*M241 -> #VALUE! | Q241: {=Raw [1]Data!P241} -> #NAME? | R241: {=Raw [1]Data!Q241} -> #NAME? | S241: {=Raw [1]Data!T241} -> #NAME? | T241: =S241/M241 -> #NAME? | U241: =IF(R241<>0, (S241/R241)*100, 0) -> #NAME? | V241: =IF(OR(E241=73239990,E241=73231000,E241=73239390),"Steel","Other") -> Other
...

Sheet Lookup Tables
A1: HS CODE | B1: HSN Description | C1: Main Category | D1: Sub Category
A2: 73239990 | B2: Table, kitchen or other household articles of iron or steel | C2: Steel | D2: Household Items
A3: 73231000 | B3: Table, kitchen or other household articles, of iron or steel, other than of cast iron | C3: Steel | D3: Household Items
A4: 73239390 | B4: Other table, kitchen or other household articles, and parts thereof, of iron or steel | C4: Steel | D4: Household Items

Sheet Year Summary
A1: Year | B1: Total Value_INR | C1: Total Duty_INR | D1: Grand Total_INR | E1: YoY Growth %
A2: 2017 | B2: =SUMIFS('Cleaned Data'!Q:Q,'Cleaned Data'!U:U,2017) -> 0 | C2: =SUMIFS('Cleaned Data'!T:T,'Cleaned Data'!U:U,2017) -> 0 | D2: =SUMIFS('Cleaned Data'!V:V,'Cleaned Data'!U:U,2017) -> 0 | E2: N/A
A3: 2018 | B3: =SUMIFS('Cleaned Data'!Q:Q,'Cleaned Data'!U:U,2018) -> 0 | C3: =SUMIFS('Cleaned Data'!T:T,'Cleaned Data'!U:U,2018) -> 0 | D3: =SUMIFS('Cleaned Data'!V:V,'Cleaned Data'!U:U,2018) -> 0 | E3: =(D3-D2)/D2*100 -> #DIV/0!
A4: 2019 | B4: =SUMIFS('Cleaned Data'!Q:Q,'Cleaned Data'!U:U,2019) -> 0 | C4: =SUMIFS('Cleaned Data'!T:T,'Cleaned Data'!U:U,2019) -> 0 | D4: =SUMIFS('Cleaned Data'!V:V,'Cleaned Data'!U:U,2019) -> 0 | E4: =(D4-D3)/D3*100 -> #DIV/0!
A5: 2020 | B5: =SUMIFS('Cleaned Data'!Q:Q,'Cleaned Data'!U:U,2020) -> 0 | C5: =SUMIFS('Cleaned Data'!T:T,'Cleaned Data'!U:U,2020) -> 0 | D5: =SUMIFS('Cleaned Data'!V:V,'Cleaned Data'!U:U,2020) -> 0 | E5: =(D5-D4)/D4*100 -> #DIV/0!
A6: 2022 | B6: =SUMIFS('Cleaned Data'!Q:Q,'Cleaned Data'!U:U,2022) -> 0 | C6: =SUMIFS('Cleaned Data'!T:T,'Cleaned Data'!U:U,2022) -> 0 | D6: =SUMIFS('Cleaned Data'!V:V,'Cleaned Data'!U:U,2022) -> 0 | E6: =(D6-D5)/D5*100 -> #DIV/0!
A7: 2023 | B7: =SUMIFS('Cleaned Data'!Q:Q,'Cleaned Data'!U:U,2023) -> 0 | C7: =SUMIFS('Cleaned Data'!T:T,'Cleaned Data'!U:U,2023) -> 0 | D7: =SUMIFS('Cleaned Data'!V:V,'Cleaned Data'!U:U,2023) -> 0 | E7: =(D7-D6)/D6*100 -> #DIV/0!
A8: 2024 | B8: =SUMIFS('Cleaned Data'!Q:Q,'Cleaned Data'!U:U,2024) -> 0 | C8: =SUMIFS('Cleaned Data'!T:T,'Cleaned Data'!U:U,2024) -> 0 | D8: =SUMIFS('Cleaned Data'!V:V,'Cleaned Data'!U:U,2024) -> 0 | E8: =(D8-D7)/D7*100 -> #DIV/0!
A9: 2025 | B9: =SUMIFS('Cleaned Data'!Q:Q,'Cleaned Data'!U:U,2025) -> 0 | C9: =SUMIFS('Cleaned Data'!T:T,'Cleaned Data'!U:U,2025) -> 0 | D9: =SUMIFS('Cleaned Data'!V:V,'Cleaned Data'!U:U,2025) -> 0 | E9: =(D9-D8)/D8*100 -> #DIV/0!

Sheet HSN Summary
A1: HS CODE | B1: Total Value_INR | C1: Total Duty_INR | D1: Grand Total_INR | E1: % Contribution | F1: Rank | G1: HSN Description
A2: 73239990 | B2: =SUMIFS('Cleaned Data'!Q:Q,'Cleaned Data'!D:D,73239990) -> 0 | C2: =SUMIFS('Cleaned Data'!T:T,'Cleaned Data'!D:D,73239990) -> 0 | D2: =SUMIFS('Cleaned Data'!V:V,'Cleaned Data'!D:D,73239990) -> 0 | E2: =(SUMIFS('Cleaned Data'!V:V,'Cleaned Data'!D:D,73239990)/SUM('Cleaned Data'!V:V))*100 -> #DIV/0! | F2: =RANK(E2,$E$2:$E$10,0) -> #DIV/0! | G2: =VLOOKUP(A2,'Lookup Tables'!$A$2:$B$100,2,FALSE) -> Table, kitchen or other household articles of iron or steel
A3: 73231000 | B3: =SUMIFS('Cleaned Data'!Q:Q,'Cleaned Data'!D:D,73231000) -> 0 | C3: =SUMIFS('Cleaned Data'!T:T,'Cleaned Data'!D:D,73231000) -> 0 | D3: =SUMIFS('Cleaned Data'!V:V,'Cleaned Data'!D:D,73231000) -> 0 | E3: =(SUMIFS('Cleaned Data'!V:V,'Cleaned Data'!D:D,73231000)/SUM('Cleaned Data'!V:V))*100 -> #DIV/0! | F3: =RANK(E3,$E$2:$E$10,0) -> #DIV/0! | G3: =VLOOKUP(A3,'Lookup Tables'!$A$2:$B$100,2,FALSE) -> Table, kitchen or other household articles, of iron or steel, other than of cast iron
A4: 73239390 | B4: =SUMIFS('Cleaned Data'!Q:Q,'Cleaned Data'!D:D,73239390) -> 0 | C4: =SUMIFS('Cleaned Data'!T:T,'Cleaned Data'!D:D,73239390) -> 0 | D4: =SUMIFS('Cleaned Data'!V:V,'Cleaned Data'!D:D,73239390) -> 0 | E4: =(SUMIFS('Cleaned Data'!V:V,'Cleaned Data'!D:D,73239390)/SUM('Cleaned Data'!V:V))*100 -> #DIV/0! | F4: =RANK(E4,$E$2:$E$10,0) -> #DIV/0! | G4: =VLOOKUP(A4,'Lookup Tables'!$A$2:$B$100,2,FALSE) -> Other table, kitchen or other household articles, and parts thereof, of iron or steel

Sheet Model Summary
A1: Model Name | B1: Year | C1: Total Quantity | D1: Total Value_INR | E1: Avg Unit Price_USD | F1: % of Total | G1: Sub Category
A2: M417-680ML | B2: 2024 | C2: =SUMIFS('Cleaned Data'!N:N,'Cleaned Data'!W:W,"M417-680ML",'Cleaned Data'!U:U,2024) -> 0 | D2: =SUMIFS('Cleaned Data'!Q:Q,'Cleaned Data'!W:W,"M417-680ML",'Cleaned Data'!U:U,2024) -> 0 | E2: =AVERAGEIFS('Cleaned Data'!Y:Y,'Cleaned Data'!W:W,"M417-680ML") -> #DIV/0! | F2: =(D2/SUM('Cleaned Data'!Q:Q))*100 -> #NAME? | G2: =INDEX('Cleaned Data'!AB:AB,MATCH(A2,'Cleaned Data'!W:W,0)) -> #N/A

Sheet Supplier Summary

Sheet Charts, Notes
